﻿<?xml version="1.0" encoding="utf-8"?>
<abapGit version="v1.0.0" serializer="LCL_OBJECT_ENQU" serializer_version="v1.0.0">
 <asx:abap xmlns:asx="http://www.sap.com/abapxml" version="1.0">
  <asx:values>
   <DD25V>
    <VIEWNAME>EZLSO_LOG_MSG</VIEWNAME>
    <DDLANGUAGE>E</DDLANGUAGE>
    <AGGTYPE>E</AGGTYPE>
    <ROOTTAB>ZLSO_LOG_MESSAGE</ROOTTAB>
    <DDTEXT>LSO Log Messages</DDTEXT>
   </DD25V>
   <DD26E_TABLE>
    <DD26E>
     <VIEWNAME>EZLSO_LOG_MSG</VIEWNAME>
     <TABNAME>ZLSO_LOG_MESSAGE</TABNAME>
     <TABPOS>0001</TABPOS>
     <FORTABNAME>ZLSO_LOG_MESSAGE</FORTABNAME>
     <ENQMODE>E</ENQMODE>
    </DD26E>
   </DD26E_TABLE>
   <DD27P_TABLE>
    <DD27P>
     <VIEWNAME>EZLSO_LOG_MSG</VIEWNAME>
     <OBJPOS>0001</OBJPOS>
     <VIEWFIELD>MANDT</VIEWFIELD>
     <TABNAME>ZLSO_LOG_MESSAGE</TABNAME>
     <FIELDNAME>MANDT</FIELDNAME>
     <KEYFLAG>X</KEYFLAG>
     <ENQMODE>E</ENQMODE>
    </DD27P>
    <DD27P>
     <VIEWNAME>EZLSO_LOG_MSG</VIEWNAME>
     <OBJPOS>0002</OBJPOS>
     <VIEWFIELD>LOG_ID</VIEWFIELD>
     <TABNAME>ZLSO_LOG_MESSAGE</TABNAME>
     <FIELDNAME>LOG_ID</FIELDNAME>
     <KEYFLAG>X</KEYFLAG>
     <ENQMODE>E</ENQMODE>
     <LOWERCASE>X</LOWERCASE>
    </DD27P>
    <DD27P>
     <VIEWNAME>EZLSO_LOG_MSG</VIEWNAME>
     <OBJPOS>0003</OBJPOS>
     <VIEWFIELD>LOG_SEQNR</VIEWFIELD>
     <TABNAME>ZLSO_LOG_MESSAGE</TABNAME>
     <FIELDNAME>LOG_SEQNR</FIELDNAME>
     <KEYFLAG>X</KEYFLAG>
     <ENQMODE>E</ENQMODE>
     <CHECKTABLE>ZLSO_LOG</CHECKTABLE>
     <SHLPORIGIN>P</SHLPORIGIN>
    </DD27P>
   </DD27P_TABLE>
  </asx:values>
 </asx:abap>
</abapGit>
