﻿<?xml version="1.0" encoding="utf-8"?>
<abapGit version="v1.0.0" serializer="LCL_OBJECT_CLAS" serializer_version="v1.0.0">
 <asx:abap xmlns:asx="http://www.sap.com/abapxml" version="1.0">
  <asx:values>
   <VSEOCLASS>
    <CLSNAME>ZCL_LSO_OBJECT_MAP</CLSNAME>
    <LANGU>E</LANGU>
    <DESCRIPT>Objects Collection with String Key</DESCRIPT>
    <STATE>1</STATE>
    <CLSCCINCL>X</CLSCCINCL>
    <FIXPT>X</FIXPT>
    <UNICODE>X</UNICODE>
   </VSEOCLASS>
   <DESCRIPTIONS>
    <SEOCOMPOTX>
     <CLSNAME>ZCL_LSO_OBJECT_MAP</CLSNAME>
     <CMPNAME>CHANGE_KEY</CMPNAME>
     <LANGU>E</LANGU>
     <DESCRIPT>Changes the key of an object in the map</DESCRIPT>
    </SEOCOMPOTX>
    <SEOCOMPOTX>
     <CLSNAME>ZCL_LSO_OBJECT_MAP</CLSNAME>
     <CMPNAME>CLEAR</CMPNAME>
     <LANGU>E</LANGU>
     <DESCRIPT>Initializes the map</DESCRIPT>
    </SEOCOMPOTX>
    <SEOCOMPOTX>
     <CLSNAME>ZCL_LSO_OBJECT_MAP</CLSNAME>
     <CMPNAME>PUT</CMPNAME>
     <LANGU>E</LANGU>
     <DESCRIPT>Adds a value to the map</DESCRIPT>
    </SEOCOMPOTX>
    <SEOCOMPOTX>
     <CLSNAME>ZCL_LSO_OBJECT_MAP</CLSNAME>
     <CMPNAME>PUT_ALL</CMPNAME>
     <LANGU>E</LANGU>
     <DESCRIPT>Adds values from different map.</DESCRIPT>
    </SEOCOMPOTX>
    <SEOCOMPOTX>
     <CLSNAME>ZCL_LSO_OBJECT_MAP</CLSNAME>
     <CMPNAME>REMOVE</CMPNAME>
     <LANGU>E</LANGU>
     <DESCRIPT>Deletes a value from the map</DESCRIPT>
    </SEOCOMPOTX>
   </DESCRIPTIONS>
  </asx:values>
 </asx:abap>
</abapGit>
