﻿<?xml version="1.0" encoding="utf-8"?>
<abapGit version="v1.0.0" serializer="LCL_OBJECT_CLAS" serializer_version="v1.0.0">
 <asx:abap xmlns:asx="http://www.sap.com/abapxml" version="1.0">
  <asx:values>
   <VSEOCLASS>
    <CLSNAME>ZCL_LSO_LOG_MESSAGE_BUILDER</CLSNAME>
    <LANGU>E</LANGU>
    <DESCRIPT>LSO Log Message Builder</DESCRIPT>
    <STATE>1</STATE>
    <CLSCCINCL>X</CLSCCINCL>
    <FIXPT>X</FIXPT>
    <UNICODE>X</UNICODE>
   </VSEOCLASS>
   <DESCRIPTIONS>
    <SEOCOMPOTX>
     <CLSNAME>ZCL_LSO_LOG_MESSAGE_BUILDER</CLSNAME>
     <CMPNAME>CONSTRUCTOR</CMPNAME>
     <LANGU>E</LANGU>
     <DESCRIPT>CONSTRUCTOR</DESCRIPT>
    </SEOCOMPOTX>
    <SEOCOMPOTX>
     <CLSNAME>ZCL_LSO_LOG_MESSAGE_BUILDER</CLSNAME>
     <CMPNAME>GET_MSGID</CMPNAME>
     <LANGU>E</LANGU>
     <DESCRIPT>Returns message class id.</DESCRIPT>
    </SEOCOMPOTX>
    <SEOCOMPOTX>
     <CLSNAME>ZCL_LSO_LOG_MESSAGE_BUILDER</CLSNAME>
     <CMPNAME>GET_MSGNO</CMPNAME>
     <LANGU>E</LANGU>
     <DESCRIPT>Returns message number.</DESCRIPT>
    </SEOCOMPOTX>
    <SEOCOMPOTX>
     <CLSNAME>ZCL_LSO_LOG_MESSAGE_BUILDER</CLSNAME>
     <CMPNAME>GET_MSGTY</CMPNAME>
     <LANGU>E</LANGU>
     <DESCRIPT>Returns message type.</DESCRIPT>
    </SEOCOMPOTX>
    <SEOCOMPOTX>
     <CLSNAME>ZCL_LSO_LOG_MESSAGE_BUILDER</CLSNAME>
     <CMPNAME>SET_LOG_ID</CMPNAME>
     <LANGU>E</LANGU>
     <DESCRIPT>Sets log id.</DESCRIPT>
    </SEOCOMPOTX>
    <SEOCOMPOTX>
     <CLSNAME>ZCL_LSO_LOG_MESSAGE_BUILDER</CLSNAME>
     <CMPNAME>SET_LOG_SEQNR</CMPNAME>
     <LANGU>E</LANGU>
     <DESCRIPT>Sets log seqnr.</DESCRIPT>
    </SEOCOMPOTX>
    <SEOCOMPOTX>
     <CLSNAME>ZCL_LSO_LOG_MESSAGE_BUILDER</CLSNAME>
     <CMPNAME>SET_MSGID</CMPNAME>
     <LANGU>E</LANGU>
     <DESCRIPT>Sets message class id.</DESCRIPT>
    </SEOCOMPOTX>
    <SEOCOMPOTX>
     <CLSNAME>ZCL_LSO_LOG_MESSAGE_BUILDER</CLSNAME>
     <CMPNAME>SET_MSGNO</CMPNAME>
     <LANGU>E</LANGU>
     <DESCRIPT>Sets message number.</DESCRIPT>
    </SEOCOMPOTX>
    <SEOCOMPOTX>
     <CLSNAME>ZCL_LSO_LOG_MESSAGE_BUILDER</CLSNAME>
     <CMPNAME>SET_MSGTY</CMPNAME>
     <LANGU>E</LANGU>
     <DESCRIPT>Sets message type.</DESCRIPT>
    </SEOCOMPOTX>
    <SEOCOMPOTX>
     <CLSNAME>ZCL_LSO_LOG_MESSAGE_BUILDER</CLSNAME>
     <CMPNAME>SET_MSGV1</CMPNAME>
     <LANGU>E</LANGU>
     <DESCRIPT>Sets message variable no 1.</DESCRIPT>
    </SEOCOMPOTX>
    <SEOCOMPOTX>
     <CLSNAME>ZCL_LSO_LOG_MESSAGE_BUILDER</CLSNAME>
     <CMPNAME>SET_MSGV2</CMPNAME>
     <LANGU>E</LANGU>
     <DESCRIPT>Sets message variable no 2.</DESCRIPT>
    </SEOCOMPOTX>
    <SEOCOMPOTX>
     <CLSNAME>ZCL_LSO_LOG_MESSAGE_BUILDER</CLSNAME>
     <CMPNAME>SET_MSGV3</CMPNAME>
     <LANGU>E</LANGU>
     <DESCRIPT>Sets message variable no 3.</DESCRIPT>
    </SEOCOMPOTX>
    <SEOCOMPOTX>
     <CLSNAME>ZCL_LSO_LOG_MESSAGE_BUILDER</CLSNAME>
     <CMPNAME>SET_MSGV4</CMPNAME>
     <LANGU>E</LANGU>
     <DESCRIPT>Sets message variable no 4.</DESCRIPT>
    </SEOCOMPOTX>
    <SEOCOMPOTX>
     <CLSNAME>ZCL_LSO_LOG_MESSAGE_BUILDER</CLSNAME>
     <CMPNAME>SET_MSGVARS</CMPNAME>
     <LANGU>E</LANGU>
     <DESCRIPT>Sets message variables.</DESCRIPT>
    </SEOCOMPOTX>
    <SEOCOMPOTX>
     <CLSNAME>ZCL_LSO_LOG_MESSAGE_BUILDER</CLSNAME>
     <CMPNAME>SET_TIMESTAMP</CMPNAME>
     <LANGU>E</LANGU>
     <DESCRIPT>Sets message timestamp.</DESCRIPT>
    </SEOCOMPOTX>
    <SEOCOMPOTX>
     <CLSNAME>ZCL_LSO_LOG_MESSAGE_BUILDER</CLSNAME>
     <CMPNAME>SET_TRACE</CMPNAME>
     <LANGU>E</LANGU>
     <DESCRIPT>Sets trace object.</DESCRIPT>
    </SEOCOMPOTX>
   </DESCRIPTIONS>
  </asx:values>
 </asx:abap>
</abapGit>
