﻿<?xml version="1.0" encoding="utf-8"?>
<abapGit version="v1.0.0" serializer="LCL_OBJECT_CLAS" serializer_version="v1.0.0">
 <asx:abap xmlns:asx="http://www.sap.com/abapxml" version="1.0">
  <asx:values>
   <VSEOCLASS>
    <CLSNAME>ZCL_LSO_LOG_TRACE</CLSNAME>
    <LANGU>E</LANGU>
    <DESCRIPT>LSO Log Trace</DESCRIPT>
    <STATE>1</STATE>
    <CLSCCINCL>X</CLSCCINCL>
    <FIXPT>X</FIXPT>
    <UNICODE>X</UNICODE>
    <WITH_UNIT_TESTS>X</WITH_UNIT_TESTS>
   </VSEOCLASS>
   <DESCRIPTIONS>
    <SEOCOMPOTX>
     <CLSNAME>ZCL_LSO_LOG_TRACE</CLSNAME>
     <CMPNAME>CONSTRUCTOR</CMPNAME>
     <LANGU>E</LANGU>
     <DESCRIPT>CONSTRUCTOR</DESCRIPT>
    </SEOCOMPOTX>
    <SEOCOMPOTX>
     <CLSNAME>ZCL_LSO_LOG_TRACE</CLSNAME>
     <CMPNAME>CONV_TABLE_TO_JSON</CMPNAME>
     <LANGU>E</LANGU>
     <DESCRIPT>Converts any table to json string</DESCRIPT>
    </SEOCOMPOTX>
    <SEOCOMPOTX>
     <CLSNAME>ZCL_LSO_LOG_TRACE</CLSNAME>
     <CMPNAME>CREATE_ID</CMPNAME>
     <LANGU>E</LANGU>
     <DESCRIPT>Generates new trace id.</DESCRIPT>
    </SEOCOMPOTX>
    <SEOCOMPOTX>
     <CLSNAME>ZCL_LSO_LOG_TRACE</CLSNAME>
     <CMPNAME>IS_SAVED</CMPNAME>
     <LANGU>E</LANGU>
     <DESCRIPT>Is trace already saved?</DESCRIPT>
    </SEOCOMPOTX>
    <SEOCOMPOTX>
     <CLSNAME>ZCL_LSO_LOG_TRACE</CLSNAME>
     <CMPNAME>SAVE_COLLECTION</CMPNAME>
     <LANGU>E</LANGU>
     <DESCRIPT>Saves collection of trace objects in DB.</DESCRIPT>
    </SEOCOMPOTX>
    <SEOCOMPOTX>
     <CLSNAME>ZCL_LSO_LOG_TRACE</CLSNAME>
     <CMPNAME>SET_SAVED</CMPNAME>
     <LANGU>E</LANGU>
     <DESCRIPT>Mark trace as saved one.</DESCRIPT>
    </SEOCOMPOTX>
   </DESCRIPTIONS>
  </asx:values>
 </asx:abap>
</abapGit>
