﻿<?xml version="1.0" encoding="utf-8"?>
<abapGit version="v1.0.0" serializer="LCL_OBJECT_CLAS" serializer_version="v1.0.0">
 <asx:abap xmlns:asx="http://www.sap.com/abapxml" version="1.0">
  <asx:values>
   <VSEOCLASS>
    <CLSNAME>ZCL_LSO_LOG_PAYLOAD</CLSNAME>
    <LANGU>E</LANGU>
    <DESCRIPT>LSO Log Payload</DESCRIPT>
    <STATE>1</STATE>
    <CLSCCINCL>X</CLSCCINCL>
    <FIXPT>X</FIXPT>
    <UNICODE>X</UNICODE>
    <WITH_UNIT_TESTS>X</WITH_UNIT_TESTS>
   </VSEOCLASS>
   <DESCRIPTIONS>
    <SEOCOMPOTX>
     <CLSNAME>ZCL_LSO_LOG_PAYLOAD</CLSNAME>
     <CMPNAME>CONSTRUCTOR</CMPNAME>
     <LANGU>E</LANGU>
     <DESCRIPT>CONSTRUCTOR</DESCRIPT>
    </SEOCOMPOTX>
    <SEOCOMPOTX>
     <CLSNAME>ZCL_LSO_LOG_PAYLOAD</CLSNAME>
     <CMPNAME>CREATE_REQUEST</CMPNAME>
     <LANGU>E</LANGU>
     <DESCRIPT>Creates Request Payload object.</DESCRIPT>
    </SEOCOMPOTX>
    <SEOCOMPOTX>
     <CLSNAME>ZCL_LSO_LOG_PAYLOAD</CLSNAME>
     <CMPNAME>CREATE_RESPONSE</CMPNAME>
     <LANGU>E</LANGU>
     <DESCRIPT>Creates Response Payload object.</DESCRIPT>
    </SEOCOMPOTX>
    <SEOCOMPOTX>
     <CLSNAME>ZCL_LSO_LOG_PAYLOAD</CLSNAME>
     <CMPNAME>C_MAX_LINE_LENGTH</CMPNAME>
     <LANGU>E</LANGU>
     <DESCRIPT>Payload line max length</DESCRIPT>
    </SEOCOMPOTX>
    <SEOCOMPOTX>
     <CLSNAME>ZCL_LSO_LOG_PAYLOAD</CLSNAME>
     <CMPNAME>FORMAT_BATCH_JSON_RESPONSE</CMPNAME>
     <LANGU>E</LANGU>
     <DESCRIPT>Pretty Print $batch json payloads</DESCRIPT>
    </SEOCOMPOTX>
    <SEOCOMPOTX>
     <CLSNAME>ZCL_LSO_LOG_PAYLOAD</CLSNAME>
     <CMPNAME>PARSE_PAYLOAD</CMPNAME>
     <LANGU>E</LANGU>
     <DESCRIPT>Parse payload against unwanted content.</DESCRIPT>
    </SEOCOMPOTX>
    <SEOCOMPOTX>
     <CLSNAME>ZCL_LSO_LOG_PAYLOAD</CLSNAME>
     <CMPNAME>SAVE_COLLECTION</CMPNAME>
     <LANGU>E</LANGU>
     <DESCRIPT>Save collection of payloads into DB.</DESCRIPT>
    </SEOCOMPOTX>
    <SEOCOMPOTX>
     <CLSNAME>ZCL_LSO_LOG_PAYLOAD</CLSNAME>
     <CMPNAME>SET_SAVED</CMPNAME>
     <LANGU>E</LANGU>
     <DESCRIPT>Mark payload object as saved one.</DESCRIPT>
    </SEOCOMPOTX>
   </DESCRIPTIONS>
  </asx:values>
 </asx:abap>
</abapGit>
