﻿<?xml version="1.0" encoding="utf-8"?>
<abapGit version="v1.0.0" serializer="LCL_OBJECT_CLAS" serializer_version="v1.0.0">
 <asx:abap xmlns:asx="http://www.sap.com/abapxml" version="1.0">
  <asx:values>
   <VSEOCLASS>
    <CLSNAME>ZCL_LSO_LOG_UNIT</CLSNAME>
    <LANGU>E</LANGU>
    <DESCRIPT>LSO Log Test Unit</DESCRIPT>
    <CATEGORY>05</CATEGORY>
    <STATE>1</STATE>
    <CLSCCINCL>X</CLSCCINCL>
    <FIXPT>X</FIXPT>
    <UNICODE>X</UNICODE>
    <DURATION_TYPE>12</DURATION_TYPE>
    <RISK_LEVEL>11</RISK_LEVEL>
   </VSEOCLASS>
   <DESCRIPTIONS>
    <SEOCOMPOTX>
     <CLSNAME>ZCL_LSO_LOG_UNIT</CLSNAME>
     <CMPNAME>ASSERT_LOG</CMPNAME>
     <LANGU>E</LANGU>
     <DESCRIPT>Assert log object</DESCRIPT>
    </SEOCOMPOTX>
    <SEOCOMPOTX>
     <CLSNAME>ZCL_LSO_LOG_UNIT</CLSNAME>
     <CMPNAME>ASSERT_MESSAGE</CMPNAME>
     <LANGU>E</LANGU>
     <DESCRIPT>Assert message object</DESCRIPT>
    </SEOCOMPOTX>
    <SEOCOMPOTX>
     <CLSNAME>ZCL_LSO_LOG_UNIT</CLSNAME>
     <CMPNAME>ASSERT_TRACE</CMPNAME>
     <LANGU>E</LANGU>
     <DESCRIPT>Assert trace object</DESCRIPT>
    </SEOCOMPOTX>
    <SEOCOMPOTX>
     <CLSNAME>ZCL_LSO_LOG_UNIT</CLSNAME>
     <CMPNAME>CONSTRUCTOR</CMPNAME>
     <LANGU>E</LANGU>
     <DESCRIPT>CONSTRUCTOR</DESCRIPT>
    </SEOCOMPOTX>
    <SEOCOMPOTX>
     <CLSNAME>ZCL_LSO_LOG_UNIT</CLSNAME>
     <CMPNAME>C_PASSWORD</CMPNAME>
     <LANGU>E</LANGU>
     <DESCRIPT>Password to check for removal</DESCRIPT>
    </SEOCOMPOTX>
    <SEOCOMPOTX>
     <CLSNAME>ZCL_LSO_LOG_UNIT</CLSNAME>
     <CMPNAME>DELETE_PAYLOAD</CMPNAME>
     <LANGU>E</LANGU>
     <DESCRIPT>Delete payload from DB</DESCRIPT>
    </SEOCOMPOTX>
    <SEOCOMPOTX>
     <CLSNAME>ZCL_LSO_LOG_UNIT</CLSNAME>
     <CMPNAME>DELETE_TRACE</CMPNAME>
     <LANGU>E</LANGU>
     <DESCRIPT>Delete log trace from DB</DESCRIPT>
    </SEOCOMPOTX>
    <SEOCOMPOTX>
     <CLSNAME>ZCL_LSO_LOG_UNIT</CLSNAME>
     <CMPNAME>FINISH_TIME_MEASURE</CMPNAME>
     <LANGU>E</LANGU>
     <DESCRIPT>Returns execution time in seconds.</DESCRIPT>
    </SEOCOMPOTX>
    <SEOCOMPOTX>
     <CLSNAME>ZCL_LSO_LOG_UNIT</CLSNAME>
     <CMPNAME>GET_HTML_PAYLOAD</CMPNAME>
     <LANGU>E</LANGU>
     <DESCRIPT>Returns HTML payload.</DESCRIPT>
    </SEOCOMPOTX>
    <SEOCOMPOTX>
     <CLSNAME>ZCL_LSO_LOG_UNIT</CLSNAME>
     <CMPNAME>GET_JSON_REQUEST_PAYLOAD</CMPNAME>
     <LANGU>E</LANGU>
     <DESCRIPT>Returns long request JSON payload.</DESCRIPT>
    </SEOCOMPOTX>
    <SEOCOMPOTX>
     <CLSNAME>ZCL_LSO_LOG_UNIT</CLSNAME>
     <CMPNAME>GET_JSON_RESPONSE_PAYLOAD</CMPNAME>
     <LANGU>E</LANGU>
     <DESCRIPT>Returns long response JSON payload.</DESCRIPT>
    </SEOCOMPOTX>
    <SEOCOMPOTX>
     <CLSNAME>ZCL_LSO_LOG_UNIT</CLSNAME>
     <CMPNAME>GET_JSON_SENSITIVE_PAYLOAD</CMPNAME>
     <LANGU>E</LANGU>
     <DESCRIPT>Returns payload with sensitive or password data for removal</DESCRIPT>
    </SEOCOMPOTX>
    <SEOCOMPOTX>
     <CLSNAME>ZCL_LSO_LOG_UNIT</CLSNAME>
     <CMPNAME>GET_SENSITIVE_PAYLOAD</CMPNAME>
     <LANGU>E</LANGU>
     <DESCRIPT>Returns payload with sensitive or password data for removal</DESCRIPT>
    </SEOCOMPOTX>
    <SEOCOMPOTX>
     <CLSNAME>ZCL_LSO_LOG_UNIT</CLSNAME>
     <CMPNAME>GET_XML_PAYLOAD</CMPNAME>
     <LANGU>E</LANGU>
     <DESCRIPT>Returns XML payload.</DESCRIPT>
    </SEOCOMPOTX>
    <SEOCOMPOTX>
     <CLSNAME>ZCL_LSO_LOG_UNIT</CLSNAME>
     <CMPNAME>MO_ABAP_RUNTIME</CMPNAME>
     <LANGU>E</LANGU>
     <DESCRIPT>Timer Interface</DESCRIPT>
    </SEOCOMPOTX>
    <SEOCOMPOTX>
     <CLSNAME>ZCL_LSO_LOG_UNIT</CLSNAME>
     <CMPNAME>START_TIME_MEASURE</CMPNAME>
     <LANGU>E</LANGU>
     <DESCRIPT>Start time measurment.</DESCRIPT>
    </SEOCOMPOTX>
   </DESCRIPTIONS>
  </asx:values>
 </asx:abap>
</abapGit>
