﻿<?xml version="1.0" encoding="utf-8"?>
<abapGit version="v1.0.0" serializer="LCL_OBJECT_CLAS" serializer_version="v1.0.0">
 <asx:abap xmlns:asx="http://www.sap.com/abapxml" version="1.0">
  <asx:values>
   <VSEOCLASS>
    <CLSNAME>ZCL_LSO_LOG_FACTORY</CLSNAME>
    <LANGU>E</LANGU>
    <DESCRIPT>Log Factory</DESCRIPT>
    <STATE>1</STATE>
    <CLSCCINCL>X</CLSCCINCL>
    <FIXPT>X</FIXPT>
    <UNICODE>X</UNICODE>
    <WITH_UNIT_TESTS>X</WITH_UNIT_TESTS>
   </VSEOCLASS>
   <DESCRIPTIONS>
    <SEOCOMPOTX>
     <CLSNAME>ZCL_LSO_LOG_FACTORY</CLSNAME>
     <CMPNAME>COLLECTION_2_IDS</CMPNAME>
     <LANGU>E</LANGU>
     <DESCRIPT>Convert collection of logs into range of ids</DESCRIPT>
    </SEOCOMPOTX>
   </DESCRIPTIONS>
  </asx:values>
 </asx:abap>
</abapGit>
