﻿<?xml version="1.0" encoding="utf-8"?>
<abapGit version="v1.0.0" serializer="LCL_OBJECT_CLAS" serializer_version="v1.0.0">
 <asx:abap xmlns:asx="http://www.sap.com/abapxml" version="1.0">
  <asx:values>
   <VSEOCLASS>
    <CLSNAME>ZCL_LSO_TRACE_DISPLAY</CLSNAME>
    <LANGU>E</LANGU>
    <DESCRIPT>Report helper</DESCRIPT>
    <STATE>1</STATE>
    <CLSCCINCL>X</CLSCCINCL>
    <FIXPT>X</FIXPT>
    <UNICODE>X</UNICODE>
    <WITH_UNIT_TESTS>X</WITH_UNIT_TESTS>
   </VSEOCLASS>
   <TPOOL>
    <item>
     <ID>I</ID>
     <KEY>M01</KEY>
     <ENTRY>Messages</ENTRY>
     <LENGTH>8</LENGTH>
    </item>
    <item>
     <ID>I</ID>
     <KEY>M02</KEY>
     <ENTRY>Time</ENTRY>
     <LENGTH>4</LENGTH>
    </item>
    <item>
     <ID>I</ID>
     <KEY>M03</KEY>
     <ENTRY>HTTP RC</ENTRY>
     <LENGTH>7</LENGTH>
    </item>
    <item>
     <ID>I</ID>
     <KEY>M04</KEY>
     <ENTRY>Request URL</ENTRY>
     <LENGTH>11</LENGTH>
    </item>
    <item>
     <ID>I</ID>
     <KEY>M05</KEY>
     <ENTRY>Req. Method</ENTRY>
     <LENGTH>11</LENGTH>
    </item>
    <item>
     <ID>I</ID>
     <KEY>M06</KEY>
     <ENTRY>Ref. Log ID</ENTRY>
     <LENGTH>11</LENGTH>
    </item>
    <item>
     <ID>I</ID>
     <KEY>M07</KEY>
     <ENTRY>Ref. Log SEQNR</ENTRY>
     <LENGTH>14</LENGTH>
    </item>
    <item>
     <ID>I</ID>
     <KEY>M10</KEY>
     <ENTRY>ABAP Program</ENTRY>
     <LENGTH>20</LENGTH>
    </item>
    <item>
     <ID>I</ID>
     <KEY>M11</KEY>
     <ENTRY>ABAP Include</ENTRY>
     <LENGTH>20</LENGTH>
    </item>
    <item>
     <ID>I</ID>
     <KEY>M12</KEY>
     <ENTRY>ABAP Source Line</ENTRY>
     <LENGTH>20</LENGTH>
    </item>
    <item>
     <ID>I</ID>
     <KEY>S01</KEY>
     <ENTRY>Messages</ENTRY>
     <LENGTH>8</LENGTH>
    </item>
    <item>
     <ID>I</ID>
     <KEY>S02</KEY>
     <ENTRY>Time</ENTRY>
     <LENGTH>4</LENGTH>
    </item>
    <item>
     <ID>I</ID>
     <KEY>S03</KEY>
     <ENTRY>HTTP RC</ENTRY>
     <LENGTH>7</LENGTH>
    </item>
    <item>
     <ID>I</ID>
     <KEY>S04</KEY>
     <ENTRY>Req. URL</ENTRY>
     <LENGTH>8</LENGTH>
    </item>
    <item>
     <ID>I</ID>
     <KEY>S05</KEY>
     <ENTRY>Req. Met.</ENTRY>
     <LENGTH>9</LENGTH>
    </item>
    <item>
     <ID>I</ID>
     <KEY>S06</KEY>
     <ENTRY>Ref. ID</ENTRY>
     <LENGTH>7</LENGTH>
    </item>
    <item>
     <ID>I</ID>
     <KEY>S07</KEY>
     <ENTRY>Ref. SEQNR</ENTRY>
     <LENGTH>10</LENGTH>
    </item>
    <item>
     <ID>I</ID>
     <KEY>S09</KEY>
     <ENTRY>Type</ENTRY>
     <LENGTH>4</LENGTH>
    </item>
    <item>
     <ID>I</ID>
     <KEY>S10</KEY>
     <ENTRY>ABAP Prog.</ENTRY>
     <LENGTH>10</LENGTH>
    </item>
    <item>
     <ID>I</ID>
     <KEY>S11</KEY>
     <ENTRY>ABAP Incl.</ENTRY>
     <LENGTH>10</LENGTH>
    </item>
    <item>
     <ID>I</ID>
     <KEY>S12</KEY>
     <ENTRY>ABAP Line</ENTRY>
     <LENGTH>10</LENGTH>
    </item>
    <item>
     <ID>I</ID>
     <KEY>S13</KEY>
     <ENTRY>ABAP Event</ENTRY>
     <LENGTH>10</LENGTH>
    </item>
   </TPOOL>
   <DESCRIPTIONS>
    <SEOCOMPOTX>
     <CLSNAME>ZCL_LSO_TRACE_DISPLAY</CLSNAME>
     <CMPNAME>COLLECT_DATA</CMPNAME>
     <LANGU>E</LANGU>
     <DESCRIPT>collects data for report output</DESCRIPT>
    </SEOCOMPOTX>
    <SEOCOMPOTX>
     <CLSNAME>ZCL_LSO_TRACE_DISPLAY</CLSNAME>
     <CMPNAME>DISPLAY</CMPNAME>
     <LANGU>E</LANGU>
     <DESCRIPT>do and handle display</DESCRIPT>
    </SEOCOMPOTX>
    <SEOCOMPOTX>
     <CLSNAME>ZCL_LSO_TRACE_DISPLAY</CLSNAME>
     <CMPNAME>DISPLAY_PAYLOADS</CMPNAME>
     <LANGU>E</LANGU>
     <DESCRIPT>Display payloads</DESCRIPT>
    </SEOCOMPOTX>
    <SEOCOMPOTX>
     <CLSNAME>ZCL_LSO_TRACE_DISPLAY</CLSNAME>
     <CMPNAME>FREE</CMPNAME>
     <LANGU>E</LANGU>
     <DESCRIPT>Clears variable before exit</DESCRIPT>
    </SEOCOMPOTX>
    <SEOCOMPOTX>
     <CLSNAME>ZCL_LSO_TRACE_DISPLAY</CLSNAME>
     <CMPNAME>HANDLE_DOUBLE_CLICK</CMPNAME>
     <LANGU>E</LANGU>
     <DESCRIPT>ALV double click handler</DESCRIPT>
    </SEOCOMPOTX>
    <SEOCOMPOTX>
     <CLSNAME>ZCL_LSO_TRACE_DISPLAY</CLSNAME>
     <CMPNAME>LOG_DATE_RANGE</CMPNAME>
     <LANGU>E</LANGU>
     <DESCRIPT>LOG date</DESCRIPT>
    </SEOCOMPOTX>
    <SEOCOMPOTX>
     <CLSNAME>ZCL_LSO_TRACE_DISPLAY</CLSNAME>
     <CMPNAME>LOG_ID_RANGE</CMPNAME>
     <LANGU>E</LANGU>
     <DESCRIPT>LSO Log Id</DESCRIPT>
    </SEOCOMPOTX>
    <SEOCOMPOTX>
     <CLSNAME>ZCL_LSO_TRACE_DISPLAY</CLSNAME>
     <CMPNAME>MSG_TYPE2ICON</CMPNAME>
     <LANGU>E</LANGU>
     <DESCRIPT>Converts message type to icon</DESCRIPT>
    </SEOCOMPOTX>
    <SEOCOMPOTX>
     <CLSNAME>ZCL_LSO_TRACE_DISPLAY</CLSNAME>
     <CMPNAME>REFRESH_ALV</CMPNAME>
     <LANGU>E</LANGU>
     <DESCRIPT>Refresh ALV content</DESCRIPT>
    </SEOCOMPOTX>
    <SEOCOMPOTX>
     <CLSNAME>ZCL_LSO_TRACE_DISPLAY</CLSNAME>
     <CMPNAME>SETUP_ALV_COLUMNS</CMPNAME>
     <LANGU>E</LANGU>
     <DESCRIPT>Colums setup</DESCRIPT>
    </SEOCOMPOTX>
   </DESCRIPTIONS>
  </asx:values>
 </asx:abap>
</abapGit>
