﻿<?xml version="1.0" encoding="utf-8"?>
<abapGit version="v1.0.0" serializer="LCL_OBJECT_CLAS" serializer_version="v1.0.0">
 <asx:abap xmlns:asx="http://www.sap.com/abapxml" version="1.0">
  <asx:values>
   <VSEOCLASS>
    <CLSNAME>ZCL_LSO_LOG_MESSAGE</CLSNAME>
    <LANGU>E</LANGU>
    <DESCRIPT>LSO Log Message</DESCRIPT>
    <STATE>1</STATE>
    <CLSCCINCL>X</CLSCCINCL>
    <FIXPT>X</FIXPT>
    <UNICODE>X</UNICODE>
    <WITH_UNIT_TESTS>X</WITH_UNIT_TESTS>
   </VSEOCLASS>
   <DESCRIPTIONS>
    <SEOCOMPOTX>
     <CLSNAME>ZCL_LSO_LOG_MESSAGE</CLSNAME>
     <CMPNAME>CONSTRUCTOR</CMPNAME>
     <LANGU>E</LANGU>
     <DESCRIPT>CONSTRUCTOR</DESCRIPT>
    </SEOCOMPOTX>
    <SEOCOMPOTX>
     <CLSNAME>ZCL_LSO_LOG_MESSAGE</CLSNAME>
     <CMPNAME>LOCK</CMPNAME>
     <LANGU>E</LANGU>
     <DESCRIPT>Locks messages table.</DESCRIPT>
    </SEOCOMPOTX>
    <SEOCOMPOTX>
     <CLSNAME>ZCL_LSO_LOG_MESSAGE</CLSNAME>
     <CMPNAME>SAVE_COLLECTION</CMPNAME>
     <LANGU>E</LANGU>
     <DESCRIPT>Saves collection of message objects in DB.</DESCRIPT>
    </SEOCOMPOTX>
    <SEOCOMPOTX>
     <CLSNAME>ZCL_LSO_LOG_MESSAGE</CLSNAME>
     <CMPNAME>SPLIT_MSGV</CMPNAME>
     <LANGU>E</LANGU>
     <DESCRIPT>Splits text into msg vars (msgv1, msgv2, msgv3, msgv4).</DESCRIPT>
    </SEOCOMPOTX>
    <SEOCOMPOTX>
     <CLSNAME>ZCL_LSO_LOG_MESSAGE</CLSNAME>
     <CMPNAME>UNLOCK</CMPNAME>
     <LANGU>E</LANGU>
     <DESCRIPT>Unlocks messages table.</DESCRIPT>
    </SEOCOMPOTX>
   </DESCRIPTIONS>
  </asx:values>
 </asx:abap>
</abapGit>
