﻿<?xml version="1.0" encoding="utf-8"?>
<abapGit version="v1.0.0" serializer="LCL_OBJECT_CLAS" serializer_version="v1.0.0">
 <asx:abap xmlns:asx="http://www.sap.com/abapxml" version="1.0">
  <asx:values>
   <VSEOCLASS>
    <CLSNAME>ZCL_LSO_LOG_SECURITY</CLSNAME>
    <LANGU>E</LANGU>
    <DESCRIPT>Security checks</DESCRIPT>
    <STATE>1</STATE>
    <CLSCCINCL>X</CLSCCINCL>
    <FIXPT>X</FIXPT>
    <UNICODE>X</UNICODE>
   </VSEOCLASS>
   <TPOOL>
    <item>
     <ID>I</ID>
     <KEY>P01</KEY>
     <ENTRY>Missing Authorization</ENTRY>
     <LENGTH>42</LENGTH>
    </item>
    <item>
     <ID>I</ID>
     <KEY>P02</KEY>
     <ENTRY>You&apos;re missing the authorization to use this tool.</ENTRY>
     <LENGTH>72</LENGTH>
    </item>
    <item>
     <ID>I</ID>
     <KEY>P03</KEY>
     <ENTRY>Request Role</ENTRY>
     <LENGTH>72</LENGTH>
    </item>
   </TPOOL>
  </asx:values>
 </asx:abap>
</abapGit>
