﻿<?xml version="1.0" encoding="utf-8"?>
<abapGit version="v1.0.0" serializer="LCL_OBJECT_CLAS" serializer_version="v1.0.0">
 <asx:abap xmlns:asx="http://www.sap.com/abapxml" version="1.0">
  <asx:values>
   <VSEOCLASS>
    <CLSNAME>ZCL_LSO_LOG_CUST_FACTORY</CLSNAME>
    <LANGU>E</LANGU>
    <DESCRIPT>Log Customizing Factory Class</DESCRIPT>
    <STATE>1</STATE>
    <CLSCCINCL>X</CLSCCINCL>
    <FIXPT>X</FIXPT>
    <UNICODE>X</UNICODE>
    <WITH_UNIT_TESTS>X</WITH_UNIT_TESTS>
   </VSEOCLASS>
   <TPOOL>
    <item>
     <ID>I</ID>
     <KEY>C01</KEY>
     <ENTRY>Delete log trace payload after specific number of days</ENTRY>
     <LENGTH>108</LENGTH>
    </item>
    <item>
     <ID>I</ID>
     <KEY>C02</KEY>
     <ENTRY>Delete log trace after specific number of days</ENTRY>
     <LENGTH>92</LENGTH>
    </item>
    <item>
     <ID>I</ID>
     <KEY>C03</KEY>
     <ENTRY>Delete log message after specific number of days</ENTRY>
     <LENGTH>96</LENGTH>
    </item>
    <item>
     <ID>I</ID>
     <KEY>C04</KEY>
     <ENTRY>Delete log after specific number of days</ENTRY>
     <LENGTH>80</LENGTH>
    </item>
   </TPOOL>
   <DESCRIPTIONS>
    <SEOCOMPOTX>
     <CLSNAME>ZCL_LSO_LOG_CUST_FACTORY</CLSNAME>
     <CMPNAME>GET_DELETE_LOGS_AFTER</CMPNAME>
     <LANGU>E</LANGU>
     <DESCRIPT>Get &apos;delete logs after NNN days&apos; customizing object</DESCRIPT>
    </SEOCOMPOTX>
    <SEOCOMPOTX>
     <CLSNAME>ZCL_LSO_LOG_CUST_FACTORY</CLSNAME>
     <CMPNAME>GET_DELETE_MESSAGES_AFTER</CMPNAME>
     <LANGU>E</LANGU>
     <DESCRIPT>Get &apos;delete messages after NNN days&apos; customizing object</DESCRIPT>
    </SEOCOMPOTX>
    <SEOCOMPOTX>
     <CLSNAME>ZCL_LSO_LOG_CUST_FACTORY</CLSNAME>
     <CMPNAME>GET_DELETE_PAYLOADS_AFTER</CMPNAME>
     <LANGU>E</LANGU>
     <DESCRIPT>Get &apos;delete payloads after NNN days&apos; customizing object</DESCRIPT>
    </SEOCOMPOTX>
    <SEOCOMPOTX>
     <CLSNAME>ZCL_LSO_LOG_CUST_FACTORY</CLSNAME>
     <CMPNAME>GET_DELETE_TRACES_AFTER</CMPNAME>
     <LANGU>E</LANGU>
     <DESCRIPT>Get &apos;delete traces after NNN days&apos; customizing object</DESCRIPT>
    </SEOCOMPOTX>
    <SEOCOMPOTX>
     <CLSNAME>ZCL_LSO_LOG_CUST_FACTORY</CLSNAME>
     <CMPNAME>INSTANCE</CMPNAME>
     <LANGU>E</LANGU>
     <DESCRIPT>Get customizing factory instance (singleton)</DESCRIPT>
    </SEOCOMPOTX>
   </DESCRIPTIONS>
  </asx:values>
 </asx:abap>
</abapGit>
