﻿<?xml version="1.0" encoding="utf-8"?>
<abapGit version="v1.0.0" serializer="LCL_OBJECT_INTF" serializer_version="v1.0.0">
 <asx:abap xmlns:asx="http://www.sap.com/abapxml" version="1.0">
  <asx:values>
   <VSEOINTERF>
    <CLSNAME>ZIF_LSO_LOG_CUST</CLSNAME>
    <LANGU>E</LANGU>
    <DESCRIPT>Log Customizing Interface</DESCRIPT>
    <EXPOSURE>2</EXPOSURE>
    <STATE>1</STATE>
    <UNICODE>X</UNICODE>
   </VSEOINTERF>
   <DESCRIPTIONS>
    <SEOCOMPOTX>
     <CLSNAME>ZIF_LSO_LOG_CUST</CLSNAME>
     <CMPNAME>GET_ID</CMPNAME>
     <LANGU>E</LANGU>
     <DESCRIPT>Get customizing id</DESCRIPT>
    </SEOCOMPOTX>
    <SEOCOMPOTX>
     <CLSNAME>ZIF_LSO_LOG_CUST</CLSNAME>
     <CMPNAME>GET_VALUE</CMPNAME>
     <LANGU>E</LANGU>
     <DESCRIPT>Get customizing value</DESCRIPT>
    </SEOCOMPOTX>
    <SEOCOMPOTX>
     <CLSNAME>ZIF_LSO_LOG_CUST</CLSNAME>
     <CMPNAME>SAVE</CMPNAME>
     <LANGU>E</LANGU>
     <DESCRIPT>Save customizing value</DESCRIPT>
    </SEOCOMPOTX>
    <SEOCOMPOTX>
     <CLSNAME>ZIF_LSO_LOG_CUST</CLSNAME>
     <CMPNAME>SET_VALUE</CMPNAME>
     <LANGU>E</LANGU>
     <DESCRIPT>Set customizing value</DESCRIPT>
    </SEOCOMPOTX>
   </DESCRIPTIONS>
  </asx:values>
 </asx:abap>
</abapGit>
