﻿<?xml version="1.0" encoding="utf-8"?>
<abapGit version="v1.0.0" serializer="LCL_OBJECT_INTF" serializer_version="v1.0.0">
 <asx:abap xmlns:asx="http://www.sap.com/abapxml" version="1.0">
  <asx:values>
   <VSEOINTERF>
    <CLSNAME>ZIF_LSO_LOG_ABSTRACT</CLSNAME>
    <LANGU>E</LANGU>
    <DESCRIPT>Log Interface</DESCRIPT>
    <EXPOSURE>2</EXPOSURE>
    <STATE>1</STATE>
    <UNICODE>X</UNICODE>
   </VSEOINTERF>
   <DESCRIPTIONS>
    <SEOCOMPOTX>
     <CLSNAME>ZIF_LSO_LOG_ABSTRACT</CLSNAME>
     <CMPNAME>ABORT</CMPNAME>
     <LANGU>E</LANGU>
     <DESCRIPT>Add abort</DESCRIPT>
    </SEOCOMPOTX>
    <SEOCOMPOTX>
     <CLSNAME>ZIF_LSO_LOG_ABSTRACT</CLSNAME>
     <CMPNAME>ADD_MESSAGE</CMPNAME>
     <LANGU>E</LANGU>
     <DESCRIPT>Add message</DESCRIPT>
    </SEOCOMPOTX>
    <SEOCOMPOTX>
     <CLSNAME>ZIF_LSO_LOG_ABSTRACT</CLSNAME>
     <CMPNAME>ADD_MESSAGES</CMPNAME>
     <LANGU>E</LANGU>
     <DESCRIPT>Add collection of messages</DESCRIPT>
    </SEOCOMPOTX>
    <SEOCOMPOTX>
     <CLSNAME>ZIF_LSO_LOG_ABSTRACT</CLSNAME>
     <CMPNAME>ADD_SYMSG</CMPNAME>
     <LANGU>E</LANGU>
     <DESCRIPT>Add message from structure</DESCRIPT>
    </SEOCOMPOTX>
    <SEOCOMPOTX>
     <CLSNAME>ZIF_LSO_LOG_ABSTRACT</CLSNAME>
     <CMPNAME>CLEAR_MESSAGES</CMPNAME>
     <LANGU>E</LANGU>
     <DESCRIPT>Clear messages</DESCRIPT>
    </SEOCOMPOTX>
    <SEOCOMPOTX>
     <CLSNAME>ZIF_LSO_LOG_ABSTRACT</CLSNAME>
     <CMPNAME>DISPLAY_MESSAGES_POPUP</CMPNAME>
     <LANGU>E</LANGU>
     <DESCRIPT>Display popup with messages (GUI)</DESCRIPT>
    </SEOCOMPOTX>
    <SEOCOMPOTX>
     <CLSNAME>ZIF_LSO_LOG_ABSTRACT</CLSNAME>
     <CMPNAME>ERROR</CMPNAME>
     <LANGU>E</LANGU>
     <DESCRIPT>Add error</DESCRIPT>
    </SEOCOMPOTX>
    <SEOCOMPOTX>
     <CLSNAME>ZIF_LSO_LOG_ABSTRACT</CLSNAME>
     <CMPNAME>EXCEPTION</CMPNAME>
     <LANGU>E</LANGU>
     <DESCRIPT>Add message from exception</DESCRIPT>
    </SEOCOMPOTX>
    <SEOCOMPOTX>
     <CLSNAME>ZIF_LSO_LOG_ABSTRACT</CLSNAME>
     <CMPNAME>GET_MESSAGES</CMPNAME>
     <LANGU>E</LANGU>
     <DESCRIPT>Get messages collection</DESCRIPT>
    </SEOCOMPOTX>
    <SEOCOMPOTX>
     <CLSNAME>ZIF_LSO_LOG_ABSTRACT</CLSNAME>
     <CMPNAME>GET_MESSAGES_RFC</CMPNAME>
     <LANGU>E</LANGU>
     <DESCRIPT>Get messages for RFC</DESCRIPT>
    </SEOCOMPOTX>
    <SEOCOMPOTX>
     <CLSNAME>ZIF_LSO_LOG_ABSTRACT</CLSNAME>
     <CMPNAME>GET_PROGRAM</CMPNAME>
     <LANGU>E</LANGU>
     <DESCRIPT>Get programm</DESCRIPT>
    </SEOCOMPOTX>
    <SEOCOMPOTX>
     <CLSNAME>ZIF_LSO_LOG_ABSTRACT</CLSNAME>
     <CMPNAME>GET_SYMSGS</CMPNAME>
     <LANGU>E</LANGU>
     <DESCRIPT>Get messages table</DESCRIPT>
    </SEOCOMPOTX>
    <SEOCOMPOTX>
     <CLSNAME>ZIF_LSO_LOG_ABSTRACT</CLSNAME>
     <CMPNAME>GET_TCODE</CMPNAME>
     <LANGU>E</LANGU>
     <DESCRIPT>Get transaction code</DESCRIPT>
    </SEOCOMPOTX>
    <SEOCOMPOTX>
     <CLSNAME>ZIF_LSO_LOG_ABSTRACT</CLSNAME>
     <CMPNAME>HAS_ABORT</CMPNAME>
     <LANGU>E</LANGU>
     <DESCRIPT>Has log got an abort message?</DESCRIPT>
    </SEOCOMPOTX>
    <SEOCOMPOTX>
     <CLSNAME>ZIF_LSO_LOG_ABSTRACT</CLSNAME>
     <CMPNAME>HAS_ERROR</CMPNAME>
     <LANGU>E</LANGU>
     <DESCRIPT>Has log got an error/abort message?</DESCRIPT>
    </SEOCOMPOTX>
    <SEOCOMPOTX>
     <CLSNAME>ZIF_LSO_LOG_ABSTRACT</CLSNAME>
     <CMPNAME>HAS_EXCEPTION</CMPNAME>
     <LANGU>E</LANGU>
     <DESCRIPT>Has log got an exception message?</DESCRIPT>
    </SEOCOMPOTX>
    <SEOCOMPOTX>
     <CLSNAME>ZIF_LSO_LOG_ABSTRACT</CLSNAME>
     <CMPNAME>HAS_INFO</CMPNAME>
     <LANGU>E</LANGU>
     <DESCRIPT>Has log got an info message?</DESCRIPT>
    </SEOCOMPOTX>
    <SEOCOMPOTX>
     <CLSNAME>ZIF_LSO_LOG_ABSTRACT</CLSNAME>
     <CMPNAME>HAS_MESSAGE</CMPNAME>
     <LANGU>E</LANGU>
     <DESCRIPT>Has log got a message?</DESCRIPT>
    </SEOCOMPOTX>
    <SEOCOMPOTX>
     <CLSNAME>ZIF_LSO_LOG_ABSTRACT</CLSNAME>
     <CMPNAME>HAS_MESSAGES</CMPNAME>
     <LANGU>E</LANGU>
     <DESCRIPT>Has log got messages?</DESCRIPT>
    </SEOCOMPOTX>
    <SEOCOMPOTX>
     <CLSNAME>ZIF_LSO_LOG_ABSTRACT</CLSNAME>
     <CMPNAME>HAS_MESSAGE_KEY</CMPNAME>
     <LANGU>E</LANGU>
     <DESCRIPT>Has log got a this message class (id) and number?</DESCRIPT>
    </SEOCOMPOTX>
    <SEOCOMPOTX>
     <CLSNAME>ZIF_LSO_LOG_ABSTRACT</CLSNAME>
     <CMPNAME>HAS_MESSAGE_TYPE</CMPNAME>
     <LANGU>E</LANGU>
     <DESCRIPT>Has log got a message of type?</DESCRIPT>
    </SEOCOMPOTX>
    <SEOCOMPOTX>
     <CLSNAME>ZIF_LSO_LOG_ABSTRACT</CLSNAME>
     <CMPNAME>HAS_SUCCESS</CMPNAME>
     <LANGU>E</LANGU>
     <DESCRIPT>Has log got a success message?</DESCRIPT>
    </SEOCOMPOTX>
    <SEOCOMPOTX>
     <CLSNAME>ZIF_LSO_LOG_ABSTRACT</CLSNAME>
     <CMPNAME>HAS_WARNING</CMPNAME>
     <LANGU>E</LANGU>
     <DESCRIPT>Has log got a warning message?</DESCRIPT>
    </SEOCOMPOTX>
    <SEOCOMPOTX>
     <CLSNAME>ZIF_LSO_LOG_ABSTRACT</CLSNAME>
     <CMPNAME>INFO</CMPNAME>
     <LANGU>E</LANGU>
     <DESCRIPT>Add information</DESCRIPT>
    </SEOCOMPOTX>
    <SEOCOMPOTX>
     <CLSNAME>ZIF_LSO_LOG_ABSTRACT</CLSNAME>
     <CMPNAME>MESSAGE</CMPNAME>
     <LANGU>E</LANGU>
     <DESCRIPT>Add message with type</DESCRIPT>
    </SEOCOMPOTX>
    <SEOCOMPOTX>
     <CLSNAME>ZIF_LSO_LOG_ABSTRACT</CLSNAME>
     <CMPNAME>SET_PROGRAM</CMPNAME>
     <LANGU>E</LANGU>
     <DESCRIPT>Set program</DESCRIPT>
    </SEOCOMPOTX>
    <SEOCOMPOTX>
     <CLSNAME>ZIF_LSO_LOG_ABSTRACT</CLSNAME>
     <CMPNAME>SET_TCODE</CMPNAME>
     <LANGU>E</LANGU>
     <DESCRIPT>Set transaction code</DESCRIPT>
    </SEOCOMPOTX>
    <SEOCOMPOTX>
     <CLSNAME>ZIF_LSO_LOG_ABSTRACT</CLSNAME>
     <CMPNAME>SUCCESS</CMPNAME>
     <LANGU>E</LANGU>
     <DESCRIPT>Add success</DESCRIPT>
    </SEOCOMPOTX>
    <SEOCOMPOTX>
     <CLSNAME>ZIF_LSO_LOG_ABSTRACT</CLSNAME>
     <CMPNAME>TRACE_MESSAGE</CMPNAME>
     <LANGU>E</LANGU>
     <DESCRIPT>Add message with trace details</DESCRIPT>
    </SEOCOMPOTX>
    <SEOCOMPOTX>
     <CLSNAME>ZIF_LSO_LOG_ABSTRACT</CLSNAME>
     <CMPNAME>WARNING</CMPNAME>
     <LANGU>E</LANGU>
     <DESCRIPT>Add warning</DESCRIPT>
    </SEOCOMPOTX>
   </DESCRIPTIONS>
  </asx:values>
 </asx:abap>
</abapGit>
