﻿<?xml version="1.0" encoding="utf-8"?>
<abapGit version="v1.0.0" serializer="LCL_OBJECT_INTF" serializer_version="v1.0.0">
 <asx:abap xmlns:asx="http://www.sap.com/abapxml" version="1.0">
  <asx:values>
   <VSEOINTERF>
    <CLSNAME>ZIF_LSO_LOG_MESSAGE_FACTORY</CLSNAME>
    <LANGU>E</LANGU>
    <DESCRIPT>Log Message Factory Interface</DESCRIPT>
    <EXPOSURE>2</EXPOSURE>
    <STATE>1</STATE>
    <UNICODE>X</UNICODE>
   </VSEOINTERF>
   <DESCRIPTIONS>
    <SEOCOMPOTX>
     <CLSNAME>ZIF_LSO_LOG_MESSAGE_FACTORY</CLSNAME>
     <CMPNAME>GET_LAST_BY_LOG_ID</CMPNAME>
     <LANGU>E</LANGU>
     <DESCRIPT>Gets last message by log id within dates</DESCRIPT>
    </SEOCOMPOTX>
    <SEOCOMPOTX>
     <CLSNAME>ZIF_LSO_LOG_MESSAGE_FACTORY</CLSNAME>
     <CMPNAME>GET_LAST_ERROR_BY_LOG_ID</CMPNAME>
     <LANGU>E</LANGU>
     <DESCRIPT>Gets last error message by log id within dates</DESCRIPT>
    </SEOCOMPOTX>
    <SEOCOMPOTX>
     <CLSNAME>ZIF_LSO_LOG_MESSAGE_FACTORY</CLSNAME>
     <CMPNAME>GET_LAST_SUCCESS_BY_LOG_ID</CMPNAME>
     <LANGU>E</LANGU>
     <DESCRIPT>Gets last success message by log id within dates</DESCRIPT>
    </SEOCOMPOTX>
    <SEOCOMPOTX>
     <CLSNAME>ZIF_LSO_LOG_MESSAGE_FACTORY</CLSNAME>
     <CMPNAME>GET_LAST_WARNING_BY_LOG_ID</CMPNAME>
     <LANGU>E</LANGU>
     <DESCRIPT>Gets last warning message by log id within dates</DESCRIPT>
    </SEOCOMPOTX>
   </DESCRIPTIONS>
  </asx:values>
 </asx:abap>
</abapGit>
