﻿<?xml version="1.0" encoding="utf-8"?>
<abapGit version="v1.0.0" serializer="LCL_OBJECT_INTF" serializer_version="v1.0.0">
 <asx:abap xmlns:asx="http://www.sap.com/abapxml" version="1.0">
  <asx:values>
   <VSEOINTERF>
    <CLSNAME>ZIF_LSO_LOG</CLSNAME>
    <LANGU>E</LANGU>
    <DESCRIPT>Log Interface</DESCRIPT>
    <EXPOSURE>2</EXPOSURE>
    <STATE>1</STATE>
    <UNICODE>X</UNICODE>
   </VSEOINTERF>
   <DESCRIPTIONS>
    <SEOCOMPOTX>
     <CLSNAME>ZIF_LSO_LOG</CLSNAME>
     <CMPNAME>ADD</CMPNAME>
     <LANGU>E</LANGU>
     <DESCRIPT>Add message</DESCRIPT>
    </SEOCOMPOTX>
    <SEOCOMPOTX>
     <CLSNAME>ZIF_LSO_LOG</CLSNAME>
     <CMPNAME>ADD_REF_LOG</CMPNAME>
     <LANGU>E</LANGU>
     <DESCRIPT>Add reference log</DESCRIPT>
    </SEOCOMPOTX>
    <SEOCOMPOTX>
     <CLSNAME>ZIF_LSO_LOG</CLSNAME>
     <CMPNAME>DELETE</CMPNAME>
     <LANGU>E</LANGU>
     <DESCRIPT>Delete the whole log</DESCRIPT>
    </SEOCOMPOTX>
    <SEOCOMPOTX>
     <CLSNAME>ZIF_LSO_LOG</CLSNAME>
     <CMPNAME>GET_CHANGED_BY</CMPNAME>
     <LANGU>E</LANGU>
     <DESCRIPT>Get user that changed the log</DESCRIPT>
    </SEOCOMPOTX>
    <SEOCOMPOTX>
     <CLSNAME>ZIF_LSO_LOG</CLSNAME>
     <CMPNAME>GET_CONTEXT</CMPNAME>
     <LANGU>E</LANGU>
     <DESCRIPT>Get log creation context</DESCRIPT>
    </SEOCOMPOTX>
    <SEOCOMPOTX>
     <CLSNAME>ZIF_LSO_LOG</CLSNAME>
     <CMPNAME>GET_DATE</CMPNAME>
     <LANGU>E</LANGU>
     <DESCRIPT>Get date</DESCRIPT>
    </SEOCOMPOTX>
    <SEOCOMPOTX>
     <CLSNAME>ZIF_LSO_LOG</CLSNAME>
     <CMPNAME>GET_ID</CMPNAME>
     <LANGU>E</LANGU>
     <DESCRIPT>Get log id</DESCRIPT>
    </SEOCOMPOTX>
    <SEOCOMPOTX>
     <CLSNAME>ZIF_LSO_LOG</CLSNAME>
     <CMPNAME>GET_MESSAGES</CMPNAME>
     <LANGU>E</LANGU>
     <DESCRIPT>Get messages collection</DESCRIPT>
    </SEOCOMPOTX>
    <SEOCOMPOTX>
     <CLSNAME>ZIF_LSO_LOG</CLSNAME>
     <CMPNAME>GET_OBJECT</CMPNAME>
     <LANGU>E</LANGU>
     <DESCRIPT>Get log object with key</DESCRIPT>
    </SEOCOMPOTX>
    <SEOCOMPOTX>
     <CLSNAME>ZIF_LSO_LOG</CLSNAME>
     <CMPNAME>GET_REF_LOGS</CMPNAME>
     <LANGU>E</LANGU>
     <DESCRIPT>Get reference logs collection</DESCRIPT>
    </SEOCOMPOTX>
    <SEOCOMPOTX>
     <CLSNAME>ZIF_LSO_LOG</CLSNAME>
     <CMPNAME>GET_SEQNR</CMPNAME>
     <LANGU>E</LANGU>
     <DESCRIPT>Get log run sequence number</DESCRIPT>
    </SEOCOMPOTX>
    <SEOCOMPOTX>
     <CLSNAME>ZIF_LSO_LOG</CLSNAME>
     <CMPNAME>GET_STRIPPED_DATE</CMPNAME>
     <LANGU>E</LANGU>
     <DESCRIPT>Get the date when log was stripped of messages</DESCRIPT>
    </SEOCOMPOTX>
    <SEOCOMPOTX>
     <CLSNAME>ZIF_LSO_LOG</CLSNAME>
     <CMPNAME>GET_STRUCTURE</CMPNAME>
     <LANGU>E</LANGU>
     <DESCRIPT>Get logs DB structure</DESCRIPT>
    </SEOCOMPOTX>
    <SEOCOMPOTX>
     <CLSNAME>ZIF_LSO_LOG</CLSNAME>
     <CMPNAME>GET_TIME</CMPNAME>
     <LANGU>E</LANGU>
     <DESCRIPT>Get time</DESCRIPT>
    </SEOCOMPOTX>
    <SEOCOMPOTX>
     <CLSNAME>ZIF_LSO_LOG</CLSNAME>
     <CMPNAME>GET_TIMESTAMP</CMPNAME>
     <LANGU>E</LANGU>
     <DESCRIPT>Get time stamp</DESCRIPT>
    </SEOCOMPOTX>
    <SEOCOMPOTX>
     <CLSNAME>ZIF_LSO_LOG</CLSNAME>
     <CMPNAME>HAS_EXCEPTION</CMPNAME>
     <LANGU>E</LANGU>
     <DESCRIPT>Has log got an exception message?</DESCRIPT>
    </SEOCOMPOTX>
    <SEOCOMPOTX>
     <CLSNAME>ZIF_LSO_LOG</CLSNAME>
     <CMPNAME>HAS_MESSAGE</CMPNAME>
     <LANGU>E</LANGU>
     <DESCRIPT>Has log got a message?</DESCRIPT>
    </SEOCOMPOTX>
    <SEOCOMPOTX>
     <CLSNAME>ZIF_LSO_LOG</CLSNAME>
     <CMPNAME>HAS_MESSAGES</CMPNAME>
     <LANGU>E</LANGU>
     <DESCRIPT>Has log got messages?</DESCRIPT>
    </SEOCOMPOTX>
    <SEOCOMPOTX>
     <CLSNAME>ZIF_LSO_LOG</CLSNAME>
     <CMPNAME>HAS_MESSAGE_TYPE</CMPNAME>
     <LANGU>E</LANGU>
     <DESCRIPT>Has log got a message with particular type?</DESCRIPT>
    </SEOCOMPOTX>
    <SEOCOMPOTX>
     <CLSNAME>ZIF_LSO_LOG</CLSNAME>
     <CMPNAME>HAS_REF_LOG</CMPNAME>
     <LANGU>E</LANGU>
     <DESCRIPT>Has log got a particular reference log?</DESCRIPT>
    </SEOCOMPOTX>
    <SEOCOMPOTX>
     <CLSNAME>ZIF_LSO_LOG</CLSNAME>
     <CMPNAME>HAS_REF_LOGS</CMPNAME>
     <LANGU>E</LANGU>
     <DESCRIPT>Has log got reference logs?</DESCRIPT>
    </SEOCOMPOTX>
    <SEOCOMPOTX>
     <CLSNAME>ZIF_LSO_LOG</CLSNAME>
     <CMPNAME>IS_STRIPPED</CMPNAME>
     <LANGU>E</LANGU>
     <DESCRIPT>Is log stripped of messages?</DESCRIPT>
    </SEOCOMPOTX>
    <SEOCOMPOTX>
     <CLSNAME>ZIF_LSO_LOG</CLSNAME>
     <CMPNAME>LOCK</CMPNAME>
     <LANGU>E</LANGU>
     <DESCRIPT>Lock the log</DESCRIPT>
    </SEOCOMPOTX>
    <SEOCOMPOTX>
     <CLSNAME>ZIF_LSO_LOG</CLSNAME>
     <CMPNAME>SAVE</CMPNAME>
     <LANGU>E</LANGU>
     <DESCRIPT>Save log run</DESCRIPT>
    </SEOCOMPOTX>
    <SEOCOMPOTX>
     <CLSNAME>ZIF_LSO_LOG</CLSNAME>
     <CMPNAME>UNLOCK</CMPNAME>
     <LANGU>E</LANGU>
     <DESCRIPT>Unlock the log</DESCRIPT>
    </SEOCOMPOTX>
   </DESCRIPTIONS>
  </asx:values>
 </asx:abap>
</abapGit>
