﻿<?xml version="1.0" encoding="utf-8"?>
<abapGit version="v1.0.0" serializer="LCL_OBJECT_INTF" serializer_version="v1.0.0">
 <asx:abap xmlns:asx="http://www.sap.com/abapxml" version="1.0">
  <asx:values>
   <VSEOINTERF>
    <CLSNAME>ZIF_LSO_LOG_TRACE</CLSNAME>
    <LANGU>E</LANGU>
    <DESCRIPT>Log Trace Interface</DESCRIPT>
    <EXPOSURE>2</EXPOSURE>
    <STATE>1</STATE>
    <UNICODE>X</UNICODE>
   </VSEOINTERF>
   <DESCRIPTIONS>
    <SEOCOMPOTX>
     <CLSNAME>ZIF_LSO_LOG_TRACE</CLSNAME>
     <CMPNAME>GET_HTTP_STATUS</CMPNAME>
     <LANGU>E</LANGU>
     <DESCRIPT>Get HTTP status</DESCRIPT>
    </SEOCOMPOTX>
    <SEOCOMPOTX>
     <CLSNAME>ZIF_LSO_LOG_TRACE</CLSNAME>
     <CMPNAME>GET_ID</CMPNAME>
     <LANGU>E</LANGU>
     <DESCRIPT>Get id</DESCRIPT>
    </SEOCOMPOTX>
    <SEOCOMPOTX>
     <CLSNAME>ZIF_LSO_LOG_TRACE</CLSNAME>
     <CMPNAME>GET_REQUEST_HEADERS</CMPNAME>
     <LANGU>E</LANGU>
     <DESCRIPT>Get request headers</DESCRIPT>
    </SEOCOMPOTX>
    <SEOCOMPOTX>
     <CLSNAME>ZIF_LSO_LOG_TRACE</CLSNAME>
     <CMPNAME>GET_REQUEST_METHOD</CMPNAME>
     <LANGU>E</LANGU>
     <DESCRIPT>Get request method</DESCRIPT>
    </SEOCOMPOTX>
    <SEOCOMPOTX>
     <CLSNAME>ZIF_LSO_LOG_TRACE</CLSNAME>
     <CMPNAME>GET_REQUEST_PAYLOAD</CMPNAME>
     <LANGU>E</LANGU>
     <DESCRIPT>Get request payload</DESCRIPT>
    </SEOCOMPOTX>
    <SEOCOMPOTX>
     <CLSNAME>ZIF_LSO_LOG_TRACE</CLSNAME>
     <CMPNAME>GET_REQUEST_URL</CMPNAME>
     <LANGU>E</LANGU>
     <DESCRIPT>Get request URL</DESCRIPT>
    </SEOCOMPOTX>
    <SEOCOMPOTX>
     <CLSNAME>ZIF_LSO_LOG_TRACE</CLSNAME>
     <CMPNAME>GET_RESPONSE_HEADERS</CMPNAME>
     <LANGU>E</LANGU>
     <DESCRIPT>Get response headers</DESCRIPT>
    </SEOCOMPOTX>
    <SEOCOMPOTX>
     <CLSNAME>ZIF_LSO_LOG_TRACE</CLSNAME>
     <CMPNAME>GET_RESPONSE_PAYLOAD</CMPNAME>
     <LANGU>E</LANGU>
     <DESCRIPT>Get response payload</DESCRIPT>
    </SEOCOMPOTX>
    <SEOCOMPOTX>
     <CLSNAME>ZIF_LSO_LOG_TRACE</CLSNAME>
     <CMPNAME>GET_STRIPPED_DATE</CMPNAME>
     <LANGU>E</LANGU>
     <DESCRIPT>Get the date when log was stripped of payload/headers</DESCRIPT>
    </SEOCOMPOTX>
    <SEOCOMPOTX>
     <CLSNAME>ZIF_LSO_LOG_TRACE</CLSNAME>
     <CMPNAME>HAS_HEADERS</CMPNAME>
     <LANGU>E</LANGU>
     <DESCRIPT>Has headers?</DESCRIPT>
    </SEOCOMPOTX>
    <SEOCOMPOTX>
     <CLSNAME>ZIF_LSO_LOG_TRACE</CLSNAME>
     <CMPNAME>HAS_PAYLOAD</CMPNAME>
     <LANGU>E</LANGU>
     <DESCRIPT>Has payload?</DESCRIPT>
    </SEOCOMPOTX>
    <SEOCOMPOTX>
     <CLSNAME>ZIF_LSO_LOG_TRACE</CLSNAME>
     <CMPNAME>HAS_REQUEST_HEADERS</CMPNAME>
     <LANGU>E</LANGU>
     <DESCRIPT>Has request headers?</DESCRIPT>
    </SEOCOMPOTX>
    <SEOCOMPOTX>
     <CLSNAME>ZIF_LSO_LOG_TRACE</CLSNAME>
     <CMPNAME>HAS_REQUEST_PAYLOAD</CMPNAME>
     <LANGU>E</LANGU>
     <DESCRIPT>Has request payload?</DESCRIPT>
    </SEOCOMPOTX>
    <SEOCOMPOTX>
     <CLSNAME>ZIF_LSO_LOG_TRACE</CLSNAME>
     <CMPNAME>HAS_RESPONSE_HEADERS</CMPNAME>
     <LANGU>E</LANGU>
     <DESCRIPT>Has response headers?</DESCRIPT>
    </SEOCOMPOTX>
    <SEOCOMPOTX>
     <CLSNAME>ZIF_LSO_LOG_TRACE</CLSNAME>
     <CMPNAME>HAS_RESPONSE_PAYLOAD</CMPNAME>
     <LANGU>E</LANGU>
     <DESCRIPT>Has response payload?</DESCRIPT>
    </SEOCOMPOTX>
    <SEOCOMPOTX>
     <CLSNAME>ZIF_LSO_LOG_TRACE</CLSNAME>
     <CMPNAME>IS_STRIPPED</CMPNAME>
     <LANGU>E</LANGU>
     <DESCRIPT>Is trace stripped of payload/headers?</DESCRIPT>
    </SEOCOMPOTX>
    <SEOCOMPOTX>
     <CLSNAME>ZIF_LSO_LOG_TRACE</CLSNAME>
     <CMPNAME>SET_HTTP_STATUS</CMPNAME>
     <LANGU>E</LANGU>
     <DESCRIPT>Set HTTP status</DESCRIPT>
    </SEOCOMPOTX>
   </DESCRIPTIONS>
  </asx:values>
 </asx:abap>
</abapGit>
