﻿<?xml version="1.0" encoding="utf-8"?>
<abapGit version="v1.0.0" serializer="LCL_OBJECT_INTF" serializer_version="v1.0.0">
 <asx:abap xmlns:asx="http://www.sap.com/abapxml" version="1.0">
  <asx:values>
   <VSEOINTERF>
    <CLSNAME>ZIF_LSO_LOG_MESSAGE</CLSNAME>
    <LANGU>E</LANGU>
    <DESCRIPT>Log Message Interface</DESCRIPT>
    <EXPOSURE>2</EXPOSURE>
    <STATE>1</STATE>
    <UNICODE>X</UNICODE>
   </VSEOINTERF>
   <DESCRIPTIONS>
    <SEOCOMPOTX>
     <CLSNAME>ZIF_LSO_LOG_MESSAGE</CLSNAME>
     <CMPNAME>GET_ABAP_STACK</CMPNAME>
     <LANGU>E</LANGU>
     <DESCRIPT>Get ABAP stack</DESCRIPT>
    </SEOCOMPOTX>
    <SEOCOMPOTX>
     <CLSNAME>ZIF_LSO_LOG_MESSAGE</CLSNAME>
     <CMPNAME>GET_CLASS</CMPNAME>
     <LANGU>E</LANGU>
     <DESCRIPT>Get message class</DESCRIPT>
    </SEOCOMPOTX>
    <SEOCOMPOTX>
     <CLSNAME>ZIF_LSO_LOG_MESSAGE</CLSNAME>
     <CMPNAME>GET_DATA</CMPNAME>
     <LANGU>E</LANGU>
     <DESCRIPT>Get data</DESCRIPT>
    </SEOCOMPOTX>
    <SEOCOMPOTX>
     <CLSNAME>ZIF_LSO_LOG_MESSAGE</CLSNAME>
     <CMPNAME>GET_DATE</CMPNAME>
     <LANGU>E</LANGU>
     <DESCRIPT>Get date</DESCRIPT>
    </SEOCOMPOTX>
    <SEOCOMPOTX>
     <CLSNAME>ZIF_LSO_LOG_MESSAGE</CLSNAME>
     <CMPNAME>GET_LOG_ID</CMPNAME>
     <LANGU>E</LANGU>
     <DESCRIPT>Get log id</DESCRIPT>
    </SEOCOMPOTX>
    <SEOCOMPOTX>
     <CLSNAME>ZIF_LSO_LOG_MESSAGE</CLSNAME>
     <CMPNAME>GET_LOG_SEQNR</CMPNAME>
     <LANGU>E</LANGU>
     <DESCRIPT>Get log sequence number</DESCRIPT>
    </SEOCOMPOTX>
    <SEOCOMPOTX>
     <CLSNAME>ZIF_LSO_LOG_MESSAGE</CLSNAME>
     <CMPNAME>GET_NUMBER</CMPNAME>
     <LANGU>E</LANGU>
     <DESCRIPT>Get message number</DESCRIPT>
    </SEOCOMPOTX>
    <SEOCOMPOTX>
     <CLSNAME>ZIF_LSO_LOG_MESSAGE</CLSNAME>
     <CMPNAME>GET_REQUEST_PAYLOAD</CMPNAME>
     <LANGU>E</LANGU>
     <DESCRIPT>Get request payload (from trace object)</DESCRIPT>
    </SEOCOMPOTX>
    <SEOCOMPOTX>
     <CLSNAME>ZIF_LSO_LOG_MESSAGE</CLSNAME>
     <CMPNAME>GET_RESPONSE_PAYLOAD</CMPNAME>
     <LANGU>E</LANGU>
     <DESCRIPT>Get response payload (from trace object)</DESCRIPT>
    </SEOCOMPOTX>
    <SEOCOMPOTX>
     <CLSNAME>ZIF_LSO_LOG_MESSAGE</CLSNAME>
     <CMPNAME>GET_STRIPPED_DATE</CMPNAME>
     <LANGU>E</LANGU>
     <DESCRIPT>Get the date when log was stripped of trace</DESCRIPT>
    </SEOCOMPOTX>
    <SEOCOMPOTX>
     <CLSNAME>ZIF_LSO_LOG_MESSAGE</CLSNAME>
     <CMPNAME>GET_SYMSG</CMPNAME>
     <LANGU>E</LANGU>
     <DESCRIPT>Get system message structure</DESCRIPT>
    </SEOCOMPOTX>
    <SEOCOMPOTX>
     <CLSNAME>ZIF_LSO_LOG_MESSAGE</CLSNAME>
     <CMPNAME>GET_TEXT</CMPNAME>
     <LANGU>E</LANGU>
     <DESCRIPT>Get text</DESCRIPT>
    </SEOCOMPOTX>
    <SEOCOMPOTX>
     <CLSNAME>ZIF_LSO_LOG_MESSAGE</CLSNAME>
     <CMPNAME>GET_TIME</CMPNAME>
     <LANGU>E</LANGU>
     <DESCRIPT>Get time</DESCRIPT>
    </SEOCOMPOTX>
    <SEOCOMPOTX>
     <CLSNAME>ZIF_LSO_LOG_MESSAGE</CLSNAME>
     <CMPNAME>GET_TIMESTAMP</CMPNAME>
     <LANGU>E</LANGU>
     <DESCRIPT>Get time stamp</DESCRIPT>
    </SEOCOMPOTX>
    <SEOCOMPOTX>
     <CLSNAME>ZIF_LSO_LOG_MESSAGE</CLSNAME>
     <CMPNAME>GET_TRACE</CMPNAME>
     <LANGU>E</LANGU>
     <DESCRIPT>Get trace object</DESCRIPT>
    </SEOCOMPOTX>
    <SEOCOMPOTX>
     <CLSNAME>ZIF_LSO_LOG_MESSAGE</CLSNAME>
     <CMPNAME>GET_TYPE</CMPNAME>
     <LANGU>E</LANGU>
     <DESCRIPT>Get message type</DESCRIPT>
    </SEOCOMPOTX>
    <SEOCOMPOTX>
     <CLSNAME>ZIF_LSO_LOG_MESSAGE</CLSNAME>
     <CMPNAME>HAS_TRACE</CMPNAME>
     <LANGU>E</LANGU>
     <DESCRIPT>Has trace?</DESCRIPT>
    </SEOCOMPOTX>
    <SEOCOMPOTX>
     <CLSNAME>ZIF_LSO_LOG_MESSAGE</CLSNAME>
     <CMPNAME>IS_ABORT</CMPNAME>
     <LANGU>E</LANGU>
     <DESCRIPT>Is abort message?</DESCRIPT>
    </SEOCOMPOTX>
    <SEOCOMPOTX>
     <CLSNAME>ZIF_LSO_LOG_MESSAGE</CLSNAME>
     <CMPNAME>IS_ERROR</CMPNAME>
     <LANGU>E</LANGU>
     <DESCRIPT>Is error message?</DESCRIPT>
    </SEOCOMPOTX>
    <SEOCOMPOTX>
     <CLSNAME>ZIF_LSO_LOG_MESSAGE</CLSNAME>
     <CMPNAME>IS_INFO</CMPNAME>
     <LANGU>E</LANGU>
     <DESCRIPT>Is information message?</DESCRIPT>
    </SEOCOMPOTX>
    <SEOCOMPOTX>
     <CLSNAME>ZIF_LSO_LOG_MESSAGE</CLSNAME>
     <CMPNAME>IS_STRIPPED</CMPNAME>
     <LANGU>E</LANGU>
     <DESCRIPT>Is message stripped of trace?</DESCRIPT>
    </SEOCOMPOTX>
    <SEOCOMPOTX>
     <CLSNAME>ZIF_LSO_LOG_MESSAGE</CLSNAME>
     <CMPNAME>IS_SUCCESS</CMPNAME>
     <LANGU>E</LANGU>
     <DESCRIPT>Is success message?</DESCRIPT>
    </SEOCOMPOTX>
    <SEOCOMPOTX>
     <CLSNAME>ZIF_LSO_LOG_MESSAGE</CLSNAME>
     <CMPNAME>IS_WARNING</CMPNAME>
     <LANGU>E</LANGU>
     <DESCRIPT>Is warning message?</DESCRIPT>
    </SEOCOMPOTX>
    <SEOCOMPOTX>
     <CLSNAME>ZIF_LSO_LOG_MESSAGE</CLSNAME>
     <CMPNAME>SET_DATA</CMPNAME>
     <LANGU>E</LANGU>
     <DESCRIPT>Set data</DESCRIPT>
    </SEOCOMPOTX>
    <SEOCOMPOTX>
     <CLSNAME>ZIF_LSO_LOG_MESSAGE</CLSNAME>
     <CMPNAME>SET_TRACE</CMPNAME>
     <LANGU>E</LANGU>
     <DESCRIPT>Set trace object</DESCRIPT>
    </SEOCOMPOTX>
    <SEOCOMPOTX>
     <CLSNAME>ZIF_LSO_LOG_MESSAGE</CLSNAME>
     <CMPNAME>SET_TYPE</CMPNAME>
     <LANGU>E</LANGU>
     <DESCRIPT>Set message type</DESCRIPT>
    </SEOCOMPOTX>
   </DESCRIPTIONS>
  </asx:values>
 </asx:abap>
</abapGit>
