﻿<?xml version="1.0" encoding="utf-8"?>
<abapGit version="v1.0.0" serializer="LCL_OBJECT_INTF" serializer_version="v1.0.0">
 <asx:abap xmlns:asx="http://www.sap.com/abapxml" version="1.0">
  <asx:values>
   <VSEOINTERF>
    <CLSNAME>ZIF_LSO_LOG_PAYLOAD</CLSNAME>
    <LANGU>E</LANGU>
    <DESCRIPT>Log Payload Interface</DESCRIPT>
    <EXPOSURE>2</EXPOSURE>
    <STATE>1</STATE>
    <UNICODE>X</UNICODE>
   </VSEOINTERF>
   <DESCRIPTIONS>
    <SEOCOMPOTX>
     <CLSNAME>ZIF_LSO_LOG_PAYLOAD</CLSNAME>
     <CMPNAME>GET_FORMATTED_PAYLOAD</CMPNAME>
     <LANGU>E</LANGU>
     <DESCRIPT>Get formatted payload (pretty printer)</DESCRIPT>
    </SEOCOMPOTX>
    <SEOCOMPOTX>
     <CLSNAME>ZIF_LSO_LOG_PAYLOAD</CLSNAME>
     <CMPNAME>GET_MIME_TYPE</CMPNAME>
     <LANGU>E</LANGU>
     <DESCRIPT>Get MIME type</DESCRIPT>
    </SEOCOMPOTX>
    <SEOCOMPOTX>
     <CLSNAME>ZIF_LSO_LOG_PAYLOAD</CLSNAME>
     <CMPNAME>GET_PAYLOAD</CMPNAME>
     <LANGU>E</LANGU>
     <DESCRIPT>Get payload</DESCRIPT>
    </SEOCOMPOTX>
    <SEOCOMPOTX>
     <CLSNAME>ZIF_LSO_LOG_PAYLOAD</CLSNAME>
     <CMPNAME>GET_PAYLOAD_LINES</CMPNAME>
     <LANGU>E</LANGU>
     <DESCRIPT>Get payload string splitted into lines</DESCRIPT>
    </SEOCOMPOTX>
    <SEOCOMPOTX>
     <CLSNAME>ZIF_LSO_LOG_PAYLOAD</CLSNAME>
     <CMPNAME>GET_TRACE_ID</CMPNAME>
     <LANGU>E</LANGU>
     <DESCRIPT>Get trace id</DESCRIPT>
    </SEOCOMPOTX>
    <SEOCOMPOTX>
     <CLSNAME>ZIF_LSO_LOG_PAYLOAD</CLSNAME>
     <CMPNAME>GET_TYPE</CMPNAME>
     <LANGU>E</LANGU>
     <DESCRIPT>Get payload type</DESCRIPT>
    </SEOCOMPOTX>
    <SEOCOMPOTX>
     <CLSNAME>ZIF_LSO_LOG_PAYLOAD</CLSNAME>
     <CMPNAME>IS_HTML</CMPNAME>
     <LANGU>E</LANGU>
     <DESCRIPT>Is HTML?</DESCRIPT>
    </SEOCOMPOTX>
    <SEOCOMPOTX>
     <CLSNAME>ZIF_LSO_LOG_PAYLOAD</CLSNAME>
     <CMPNAME>IS_JSON</CMPNAME>
     <LANGU>E</LANGU>
     <DESCRIPT>Is JSON?</DESCRIPT>
    </SEOCOMPOTX>
    <SEOCOMPOTX>
     <CLSNAME>ZIF_LSO_LOG_PAYLOAD</CLSNAME>
     <CMPNAME>IS_SAML</CMPNAME>
     <LANGU>E</LANGU>
     <DESCRIPT>Is SAML?</DESCRIPT>
    </SEOCOMPOTX>
    <SEOCOMPOTX>
     <CLSNAME>ZIF_LSO_LOG_PAYLOAD</CLSNAME>
     <CMPNAME>IS_XML</CMPNAME>
     <LANGU>E</LANGU>
     <DESCRIPT>Is XML?</DESCRIPT>
    </SEOCOMPOTX>
   </DESCRIPTIONS>
  </asx:values>
 </asx:abap>
</abapGit>
