﻿<?xml version="1.0" encoding="utf-8"?>
<abapGit version="v1.0.0" serializer="LCL_OBJECT_INTF" serializer_version="v1.0.0">
 <asx:abap xmlns:asx="http://www.sap.com/abapxml" version="1.0">
  <asx:values>
   <VSEOINTERF>
    <CLSNAME>ZIF_LSO_CX</CLSNAME>
    <LANGU>E</LANGU>
    <DESCRIPT>Exception Interface</DESCRIPT>
    <EXPOSURE>2</EXPOSURE>
    <STATE>1</STATE>
    <UNICODE>X</UNICODE>
   </VSEOINTERF>
   <DESCRIPTIONS>
    <SEOCOMPOTX>
     <CLSNAME>ZIF_LSO_CX</CLSNAME>
     <CMPNAME>GET_MSGTY</CMPNAME>
     <LANGU>E</LANGU>
     <DESCRIPT>Get message type based on severity</DESCRIPT>
    </SEOCOMPOTX>
    <SEOCOMPOTX>
     <CLSNAME>ZIF_LSO_CX</CLSNAME>
     <CMPNAME>GET_SEVERITY</CMPNAME>
     <LANGU>E</LANGU>
     <DESCRIPT>Get severity</DESCRIPT>
    </SEOCOMPOTX>
    <SEOCOMPOTX>
     <CLSNAME>ZIF_LSO_CX</CLSNAME>
     <CMPNAME>HAS_PREVIOUS</CMPNAME>
     <LANGU>E</LANGU>
     <DESCRIPT>Has previous exception?</DESCRIPT>
    </SEOCOMPOTX>
    <SEOCOMPOTX>
     <CLSNAME>ZIF_LSO_CX</CLSNAME>
     <CMPNAME>IS_ABORT</CMPNAME>
     <LANGU>E</LANGU>
     <DESCRIPT>Is severity ABORT?</DESCRIPT>
    </SEOCOMPOTX>
   </DESCRIPTIONS>
  </asx:values>
 </asx:abap>
</abapGit>
