﻿<?xml version="1.0" encoding="utf-8"?>
<abapGit version="v1.0.0" serializer="LCL_OBJECT_TABL" serializer_version="v1.0.0">
 <asx:abap xmlns:asx="http://www.sap.com/abapxml" version="1.0">
  <asx:values>
   <DD02V>
    <TABNAME>ZLSO_S_LOG_TRACE</TABNAME>
    <DDLANGUAGE>E</DDLANGUAGE>
    <TABCLASS>INTTAB</TABCLASS>
    <DDTEXT>LSO Log Trace</DDTEXT>
    <EXCLASS>4</EXCLASS>
   </DD02V>
   <DD03P_TABLE>
    <DD03P>
     <TABNAME>ZLSO_S_LOG_TRACE</TABNAME>
     <FIELDNAME>HTTP_STATUS</FIELDNAME>
     <DDLANGUAGE>E</DDLANGUAGE>
     <POSITION>0001</POSITION>
     <ADMINFIELD>0</ADMINFIELD>
     <INTTYPE>X</INTTYPE>
     <INTLEN>000002</INTLEN>
     <DATATYPE>INT2</DATATYPE>
     <LENG>000005</LENG>
     <MASK>  INT2</MASK>
    </DD03P>
    <DD03P>
     <TABNAME>ZLSO_S_LOG_TRACE</TABNAME>
     <FIELDNAME>REQUEST_URL</FIELDNAME>
     <DDLANGUAGE>E</DDLANGUAGE>
     <POSITION>0002</POSITION>
     <ADMINFIELD>0</ADMINFIELD>
     <INTTYPE>g</INTTYPE>
     <INTLEN>000008</INTLEN>
     <DATATYPE>SSTR</DATATYPE>
     <LENG>000512</LENG>
     <MASK>  SSTR</MASK>
    </DD03P>
    <DD03P>
     <TABNAME>ZLSO_S_LOG_TRACE</TABNAME>
     <FIELDNAME>REQUEST_METHOD</FIELDNAME>
     <DDLANGUAGE>E</DDLANGUAGE>
     <POSITION>0003</POSITION>
     <ADMINFIELD>0</ADMINFIELD>
     <INTTYPE>C</INTTYPE>
     <INTLEN>000014</INTLEN>
     <DATATYPE>CHAR</DATATYPE>
     <LENG>000007</LENG>
     <MASK>  CHAR</MASK>
    </DD03P>
    <DD03P>
     <TABNAME>ZLSO_S_LOG_TRACE</TABNAME>
     <FIELDNAME>REQUEST_PAYLOAD</FIELDNAME>
     <POSITION>0004</POSITION>
     <ROLLNAME>ZLSO_D_TRACE_PAYLOAD</ROLLNAME>
     <ADMINFIELD>0</ADMINFIELD>
     <COMPTYPE>E</COMPTYPE>
    </DD03P>
    <DD03P>
     <TABNAME>ZLSO_S_LOG_TRACE</TABNAME>
     <FIELDNAME>RESPONSE_PAYLOAD</FIELDNAME>
     <POSITION>0005</POSITION>
     <ROLLNAME>ZLSO_D_TRACE_PAYLOAD</ROLLNAME>
     <ADMINFIELD>0</ADMINFIELD>
     <COMPTYPE>E</COMPTYPE>
    </DD03P>
   </DD03P_TABLE>
  </asx:values>
 </asx:abap>
</abapGit>
