﻿<?xml version="1.0" encoding="utf-8"?>
<abapGit version="v1.0.0" serializer="LCL_OBJECT_TABL" serializer_version="v1.0.0">
 <asx:abap xmlns:asx="http://www.sap.com/abapxml" version="1.0">
  <asx:values>
   <DD02V>
    <TABNAME>ZLSO_S_LOG_TOP_ALV</TABNAME>
    <DDLANGUAGE>E</DDLANGUAGE>
    <TABCLASS>INTTAB</TABCLASS>
    <LANGDEP>X</LANGDEP>
    <DDTEXT>Top ALV for log display</DDTEXT>
    <MASTERLANG>E</MASTERLANG>
    <EXCLASS>4</EXCLASS>
   </DD02V>
   <DD03P_TABLE>
    <DD03P>
     <TABNAME>ZLSO_S_LOG_TOP_ALV</TABNAME>
     <FIELDNAME>LOG_ICON</FIELDNAME>
     <POSITION>0001</POSITION>
     <ROLLNAME>ICON_D</ROLLNAME>
     <ADMINFIELD>0</ADMINFIELD>
     <COMPTYPE>E</COMPTYPE>
    </DD03P>
    <DD03P>
     <TABNAME>ZLSO_S_LOG_TOP_ALV</TABNAME>
     <FIELDNAME>ROWCOLORS</FIELDNAME>
     <POSITION>0002</POSITION>
     <ROLLNAME>LVC_T_SCOL</ROLLNAME>
     <ADMINFIELD>0</ADMINFIELD>
     <DATATYPE>TTYP</DATATYPE>
     <MASK>  TTYPL</MASK>
     <COMPTYPE>L</COMPTYPE>
    </DD03P>
    <DD03P>
     <TABNAME>ZLSO_S_LOG_TOP_ALV</TABNAME>
     <FIELDNAME>ID</FIELDNAME>
     <POSITION>0003</POSITION>
     <ROLLNAME>ZLSO_D_LOG_ID</ROLLNAME>
     <ADMINFIELD>0</ADMINFIELD>
     <COMPTYPE>E</COMPTYPE>
    </DD03P>
    <DD03P>
     <TABNAME>ZLSO_S_LOG_TOP_ALV</TABNAME>
     <FIELDNAME>SEQNR</FIELDNAME>
     <POSITION>0004</POSITION>
     <ROLLNAME>ZLSO_D_LOG_SEQNR</ROLLNAME>
     <ADMINFIELD>0</ADMINFIELD>
     <COMPTYPE>E</COMPTYPE>
    </DD03P>
    <DD03P>
     <TABNAME>ZLSO_S_LOG_TOP_ALV</TABNAME>
     <FIELDNAME>TIMESTAMP</FIELDNAME>
     <POSITION>0005</POSITION>
     <ROLLNAME>TIMESTAMPL</ROLLNAME>
     <ADMINFIELD>0</ADMINFIELD>
     <COMPTYPE>E</COMPTYPE>
    </DD03P>
    <DD03P>
     <TABNAME>ZLSO_S_LOG_TOP_ALV</TABNAME>
     <FIELDNAME>REF_ID</FIELDNAME>
     <POSITION>0006</POSITION>
     <ROLLNAME>ZLSO_D_LOG_ID</ROLLNAME>
     <ADMINFIELD>0</ADMINFIELD>
     <COMPTYPE>E</COMPTYPE>
    </DD03P>
    <DD03P>
     <TABNAME>ZLSO_S_LOG_TOP_ALV</TABNAME>
     <FIELDNAME>REF_SEQNR</FIELDNAME>
     <POSITION>0007</POSITION>
     <ROLLNAME>ZLSO_D_LOG_SEQNR</ROLLNAME>
     <ADMINFIELD>0</ADMINFIELD>
     <COMPTYPE>E</COMPTYPE>
    </DD03P>
    <DD03P>
     <TABNAME>ZLSO_S_LOG_TOP_ALV</TABNAME>
     <FIELDNAME>DATE</FIELDNAME>
     <POSITION>0008</POSITION>
     <ROLLNAME>DATUM</ROLLNAME>
     <ADMINFIELD>0</ADMINFIELD>
     <SHLPORIGIN>T</SHLPORIGIN>
     <COMPTYPE>E</COMPTYPE>
    </DD03P>
    <DD03P>
     <TABNAME>ZLSO_S_LOG_TOP_ALV</TABNAME>
     <FIELDNAME>TIME</FIELDNAME>
     <POSITION>0009</POSITION>
     <ROLLNAME>TIMS</ROLLNAME>
     <ADMINFIELD>0</ADMINFIELD>
     <SHLPORIGIN>T</SHLPORIGIN>
     <COMPTYPE>E</COMPTYPE>
    </DD03P>
    <DD03P>
     <TABNAME>ZLSO_S_LOG_TOP_ALV</TABNAME>
     <FIELDNAME>CHANGED_BY</FIELDNAME>
     <POSITION>0010</POSITION>
     <ROLLNAME>AENAM</ROLLNAME>
     <ADMINFIELD>0</ADMINFIELD>
     <COMPTYPE>E</COMPTYPE>
    </DD03P>
    <DD03P>
     <TABNAME>ZLSO_S_LOG_TOP_ALV</TABNAME>
     <FIELDNAME>CONTEXT</FIELDNAME>
     <POSITION>0011</POSITION>
     <ROLLNAME>ZLSO_D_LOG_CONTEXT</ROLLNAME>
     <ADMINFIELD>0</ADMINFIELD>
     <COMPTYPE>E</COMPTYPE>
    </DD03P>
    <DD03P>
     <TABNAME>ZLSO_S_LOG_TOP_ALV</TABNAME>
     <FIELDNAME>TYPE_ICON</FIELDNAME>
     <POSITION>0012</POSITION>
     <ROLLNAME>CHAR250_D</ROLLNAME>
     <ADMINFIELD>0</ADMINFIELD>
     <COMPTYPE>E</COMPTYPE>
    </DD03P>
    <DD03P>
     <TABNAME>ZLSO_S_LOG_TOP_ALV</TABNAME>
     <FIELDNAME>TCODE</FIELDNAME>
     <POSITION>0013</POSITION>
     <ROLLNAME>BALTCODE</ROLLNAME>
     <ADMINFIELD>0</ADMINFIELD>
     <COMPTYPE>E</COMPTYPE>
    </DD03P>
    <DD03P>
     <TABNAME>ZLSO_S_LOG_TOP_ALV</TABNAME>
     <FIELDNAME>PROG</FIELDNAME>
     <POSITION>0014</POSITION>
     <ROLLNAME>BALPROG</ROLLNAME>
     <ADMINFIELD>0</ADMINFIELD>
     <COMPTYPE>E</COMPTYPE>
    </DD03P>
    <DD03P>
     <TABNAME>ZLSO_S_LOG_TOP_ALV</TABNAME>
     <FIELDNAME>HTTP_STATUS</FIELDNAME>
     <POSITION>0015</POSITION>
     <ROLLNAME>INT2</ROLLNAME>
     <ADMINFIELD>0</ADMINFIELD>
     <COMPTYPE>E</COMPTYPE>
    </DD03P>
    <DD03P>
     <TABNAME>ZLSO_S_LOG_TOP_ALV</TABNAME>
     <FIELDNAME>REQUEST_URL</FIELDNAME>
     <POSITION>0016</POSITION>
     <ROLLNAME>TEXT_512</ROLLNAME>
     <ADMINFIELD>0</ADMINFIELD>
     <COMPTYPE>E</COMPTYPE>
    </DD03P>
    <DD03P>
     <TABNAME>ZLSO_S_LOG_TOP_ALV</TABNAME>
     <FIELDNAME>REQUEST_METHOD</FIELDNAME>
     <POSITION>0017</POSITION>
     <ROLLNAME>CHAR7</ROLLNAME>
     <ADMINFIELD>0</ADMINFIELD>
     <COMPTYPE>E</COMPTYPE>
    </DD03P>
    <DD03P>
     <TABNAME>ZLSO_S_LOG_TOP_ALV</TABNAME>
     <FIELDNAME>MSG</FIELDNAME>
     <DDLANGUAGE>E</DDLANGUAGE>
     <POSITION>0018</POSITION>
     <ADMINFIELD>0</ADMINFIELD>
     <INTTYPE>g</INTTYPE>
     <INTLEN>000008</INTLEN>
     <DATATYPE>STRG</DATATYPE>
     <MASK>  STRG</MASK>
    </DD03P>
    <DD03P>
     <TABNAME>ZLSO_S_LOG_TOP_ALV</TABNAME>
     <FIELDNAME>MSGTY</FIELDNAME>
     <POSITION>0019</POSITION>
     <ROLLNAME>SYMSGTY</ROLLNAME>
     <ADMINFIELD>0</ADMINFIELD>
     <COMPTYPE>E</COMPTYPE>
    </DD03P>
    <DD03P>
     <TABNAME>ZLSO_S_LOG_TOP_ALV</TABNAME>
     <FIELDNAME>MSGID</FIELDNAME>
     <POSITION>0020</POSITION>
     <ROLLNAME>SYMSGID</ROLLNAME>
     <ADMINFIELD>0</ADMINFIELD>
     <COMPTYPE>E</COMPTYPE>
    </DD03P>
    <DD03P>
     <TABNAME>ZLSO_S_LOG_TOP_ALV</TABNAME>
     <FIELDNAME>MSGNO</FIELDNAME>
     <POSITION>0021</POSITION>
     <ROLLNAME>SYMSGNO</ROLLNAME>
     <ADMINFIELD>0</ADMINFIELD>
     <COMPTYPE>E</COMPTYPE>
    </DD03P>
    <DD03P>
     <TABNAME>ZLSO_S_LOG_TOP_ALV</TABNAME>
     <FIELDNAME>.INCLUDE</FIELDNAME>
     <DDLANGUAGE>E</DDLANGUAGE>
     <POSITION>0022</POSITION>
     <ADMINFIELD>0</ADMINFIELD>
     <PRECFIELD>ZLSO_S_LOG_ABAP_STACK</PRECFIELD>
     <MASK>      S</MASK>
     <DDTEXT>ABAP Stack</DDTEXT>
     <COMPTYPE>S</COMPTYPE>
    </DD03P>
    <DD03P>
     <TABNAME>ZLSO_S_LOG_TOP_ALV</TABNAME>
     <FIELDNAME>INSTANCE</FIELDNAME>
     <POSITION>0027</POSITION>
     <ROLLNAME>ZCL_LSO_LOG</ROLLNAME>
     <ADMINFIELD>0</ADMINFIELD>
     <DATATYPE>REF</DATATYPE>
     <MASK>  REF RC</MASK>
     <COMPTYPE>R</COMPTYPE>
     <REFTYPE>C</REFTYPE>
    </DD03P>
    <DD03P>
     <TABNAME>ZLSO_S_LOG_TOP_ALV</TABNAME>
     <FIELDNAME>TRACE</FIELDNAME>
     <POSITION>0028</POSITION>
     <ROLLNAME>ZCL_LSO_LOG_TRACE</ROLLNAME>
     <ADMINFIELD>0</ADMINFIELD>
     <DATATYPE>REF</DATATYPE>
     <MASK>  REF RC</MASK>
     <COMPTYPE>R</COMPTYPE>
     <REFTYPE>C</REFTYPE>
    </DD03P>
    <DD03P>
     <TABNAME>ZLSO_S_LOG_TOP_ALV</TABNAME>
     <FIELDNAME>REQUEST_PAYLOAD</FIELDNAME>
     <POSITION>0029</POSITION>
     <ROLLNAME>ZLSO_D_LOG_EXP_PAYLOAD_REQUEST</ROLLNAME>
     <ADMINFIELD>0</ADMINFIELD>
     <COMPTYPE>E</COMPTYPE>
    </DD03P>
    <DD03P>
     <TABNAME>ZLSO_S_LOG_TOP_ALV</TABNAME>
     <FIELDNAME>RESPONSE_PAYLOAD</FIELDNAME>
     <POSITION>0030</POSITION>
     <ROLLNAME>ZLSO_D_LOG_EXP_PAYLOAD_RESPNSE</ROLLNAME>
     <ADMINFIELD>0</ADMINFIELD>
     <COMPTYPE>E</COMPTYPE>
    </DD03P>
   </DD03P_TABLE>
  </asx:values>
 </asx:abap>
</abapGit>
