﻿<?xml version="1.0" encoding="utf-8"?>
<abapGit version="v1.0.0" serializer="LCL_OBJECT_TTYP" serializer_version="v1.0.0">
 <asx:abap xmlns:asx="http://www.sap.com/abapxml" version="1.0">
  <asx:values>
   <DD40V>
    <TYPENAME>ZLSO_TT_LOG_TRACE_HEADERS</TYPENAME>
    <DDLANGUAGE>E</DDLANGUAGE>
    <ROWTYPE>ZLSO_LOG_HEADERS</ROWTYPE>
    <ROWKIND>S</ROWKIND>
    <DATATYPE>STRU</DATATYPE>
    <ACCESSMODE>S</ACCESSMODE>
    <KEYDEF>K</KEYDEF>
    <KEYKIND>U</KEYKIND>
    <KEYFDCOUNT>0003</KEYFDCOUNT>
    <DDTEXT>LSO Log trace payload</DDTEXT>
   </DD40V>
   <DD42V>
    <DD42V>
     <TYPENAME>ZLSO_TT_LOG_TRACE_HEADERS</TYPENAME>
     <KEYFDPOS>0001</KEYFDPOS>
     <ROWTYPEPOS>0002</ROWTYPEPOS>
     <KEYFIELD>TRACE_ID</KEYFIELD>
    </DD42V>
    <DD42V>
     <TYPENAME>ZLSO_TT_LOG_TRACE_HEADERS</TYPENAME>
     <KEYFDPOS>0002</KEYFDPOS>
     <ROWTYPEPOS>0003</ROWTYPEPOS>
     <KEYFIELD>TYPE</KEYFIELD>
    </DD42V>
    <DD42V>
     <TYPENAME>ZLSO_TT_LOG_TRACE_HEADERS</TYPENAME>
     <KEYFDPOS>0003</KEYFDPOS>
     <ROWTYPEPOS>0004</ROWTYPEPOS>
     <KEYFIELD>NAME</KEYFIELD>
    </DD42V>
   </DD42V>
  </asx:values>
 </asx:abap>
</abapGit>
