﻿<?xml version="1.0" encoding="utf-8"?>
<abapGit version="v1.0.0" serializer="LCL_OBJECT_TABL" serializer_version="v1.0.0">
 <asx:abap xmlns:asx="http://www.sap.com/abapxml" version="1.0">
  <asx:values>
   <DD02V>
    <TABNAME>ZLSO_LOG_MESSAGE</TABNAME>
    <DDLANGUAGE>E</DDLANGUAGE>
    <TABCLASS>TRANSP</TABCLASS>
    <CLIDEP>X</CLIDEP>
    <LANGDEP>X</LANGDEP>
    <DDTEXT>LSO Log Messages</DDTEXT>
    <CONTFLAG>A</CONTFLAG>
    <EXCLASS>4</EXCLASS>
   </DD02V>
   <DD09L>
    <TABNAME>ZLSO_LOG_MESSAGE</TABNAME>
    <AS4LOCAL>A</AS4LOCAL>
    <TABKAT>4</TABKAT>
    <TABART>APPL1</TABART>
    <BUFALLOW>N</BUFALLOW>
   </DD09L>
   <DD03P_TABLE>
    <DD03P>
     <TABNAME>ZLSO_LOG_MESSAGE</TABNAME>
     <FIELDNAME>MANDT</FIELDNAME>
     <POSITION>0001</POSITION>
     <KEYFLAG>X</KEYFLAG>
     <ROLLNAME>MANDT</ROLLNAME>
     <ADMINFIELD>0</ADMINFIELD>
     <NOTNULL>X</NOTNULL>
     <COMPTYPE>E</COMPTYPE>
    </DD03P>
    <DD03P>
     <TABNAME>ZLSO_LOG_MESSAGE</TABNAME>
     <FIELDNAME>LOG_ID</FIELDNAME>
     <POSITION>0002</POSITION>
     <KEYFLAG>X</KEYFLAG>
     <ROLLNAME>ZLSO_D_LOG_ID</ROLLNAME>
     <ADMINFIELD>0</ADMINFIELD>
     <NOTNULL>X</NOTNULL>
     <COMPTYPE>E</COMPTYPE>
    </DD03P>
    <DD03P>
     <TABNAME>ZLSO_LOG_MESSAGE</TABNAME>
     <FIELDNAME>LOG_SEQNR</FIELDNAME>
     <POSITION>0003</POSITION>
     <KEYFLAG>X</KEYFLAG>
     <ROLLNAME>ZLSO_D_LOG_SEQNR</ROLLNAME>
     <CHECKTABLE>ZLSO_LOG</CHECKTABLE>
     <ADMINFIELD>0</ADMINFIELD>
     <NOTNULL>X</NOTNULL>
     <SHLPORIGIN>P</SHLPORIGIN>
     <COMPTYPE>E</COMPTYPE>
    </DD03P>
    <DD03P>
     <TABNAME>ZLSO_LOG_MESSAGE</TABNAME>
     <FIELDNAME>TIMESTAMP</FIELDNAME>
     <POSITION>0004</POSITION>
     <KEYFLAG>X</KEYFLAG>
     <ROLLNAME>TIMESTAMPL</ROLLNAME>
     <ADMINFIELD>0</ADMINFIELD>
     <NOTNULL>X</NOTNULL>
     <COMPTYPE>E</COMPTYPE>
    </DD03P>
    <DD03P>
     <TABNAME>ZLSO_LOG_MESSAGE</TABNAME>
     <FIELDNAME>TRACE_ID</FIELDNAME>
     <POSITION>0005</POSITION>
     <ROLLNAME>ZLSO_D_TRACE_ID</ROLLNAME>
     <CHECKTABLE>ZLSO_LOG_TRACE</CHECKTABLE>
     <ADMINFIELD>0</ADMINFIELD>
     <SHLPORIGIN>P</SHLPORIGIN>
     <COMPTYPE>E</COMPTYPE>
    </DD03P>
    <DD03P>
     <TABNAME>ZLSO_LOG_MESSAGE</TABNAME>
     <FIELDNAME>MSG_DATE</FIELDNAME>
     <POSITION>0006</POSITION>
     <ROLLNAME>DATUM</ROLLNAME>
     <ADMINFIELD>0</ADMINFIELD>
     <SHLPORIGIN>T</SHLPORIGIN>
     <COMPTYPE>E</COMPTYPE>
    </DD03P>
    <DD03P>
     <TABNAME>ZLSO_LOG_MESSAGE</TABNAME>
     <FIELDNAME>MSG_TIME</FIELDNAME>
     <POSITION>0007</POSITION>
     <ROLLNAME>TIMS</ROLLNAME>
     <ADMINFIELD>0</ADMINFIELD>
     <SHLPORIGIN>T</SHLPORIGIN>
     <COMPTYPE>E</COMPTYPE>
    </DD03P>
    <DD03P>
     <TABNAME>ZLSO_LOG_MESSAGE</TABNAME>
     <FIELDNAME>.INCLUDE</FIELDNAME>
     <DDLANGUAGE>E</DDLANGUAGE>
     <POSITION>0008</POSITION>
     <ADMINFIELD>0</ADMINFIELD>
     <PRECFIELD>SYMSG</PRECFIELD>
     <MASK>      S</MASK>
     <DDTEXT>Structure of message variables</DDTEXT>
     <COMPTYPE>S</COMPTYPE>
    </DD03P>
    <DD03P>
     <TABNAME>ZLSO_LOG_MESSAGE</TABNAME>
     <FIELDNAME>.INCLUDE</FIELDNAME>
     <DDLANGUAGE>E</DDLANGUAGE>
     <POSITION>0016</POSITION>
     <ADMINFIELD>0</ADMINFIELD>
     <PRECFIELD>ZLSO_S_LOG_ABAP_STACK</PRECFIELD>
     <MASK>      S</MASK>
     <DDTEXT>ABAP Stack</DDTEXT>
     <COMPTYPE>S</COMPTYPE>
    </DD03P>
    <DD03P>
     <TABNAME>ZLSO_LOG_MESSAGE</TABNAME>
     <FIELDNAME>STRIPPED_DATE</FIELDNAME>
     <POSITION>0021</POSITION>
     <ROLLNAME>ZLSO_D_LOG_STRIPPED_DATE</ROLLNAME>
     <ADMINFIELD>0</ADMINFIELD>
     <SHLPORIGIN>T</SHLPORIGIN>
     <COMPTYPE>E</COMPTYPE>
    </DD03P>
   </DD03P_TABLE>
   <DD05M_TABLE>
    <DD05M>
     <TABNAME>ZLSO_LOG_MESSAGE</TABNAME>
     <FIELDNAME>LOG_SEQNR</FIELDNAME>
     <FORTABLE>ZLSO_LOG_MESSAGE</FORTABLE>
     <FORKEY>MANDT</FORKEY>
     <CHECKTABLE>ZLSO_LOG</CHECKTABLE>
     <CHECKFIELD>MANDT</CHECKFIELD>
     <PRIMPOS>0001</PRIMPOS>
     <DOMNAME>MANDT</DOMNAME>
     <DATATYPE>CLNT</DATATYPE>
     <LENG>000003</LENG>
    </DD05M>
    <DD05M>
     <TABNAME>ZLSO_LOG_MESSAGE</TABNAME>
     <FIELDNAME>LOG_SEQNR</FIELDNAME>
     <FORTABLE>ZLSO_LOG_MESSAGE</FORTABLE>
     <FORKEY>LOG_ID</FORKEY>
     <CHECKTABLE>ZLSO_LOG</CHECKTABLE>
     <CHECKFIELD>ID</CHECKFIELD>
     <PRIMPOS>0002</PRIMPOS>
     <DOMNAME>SYSUUID_C22</DOMNAME>
     <DATATYPE>CHAR</DATATYPE>
     <LENG>000022</LENG>
    </DD05M>
    <DD05M>
     <TABNAME>ZLSO_LOG_MESSAGE</TABNAME>
     <FIELDNAME>LOG_SEQNR</FIELDNAME>
     <FORTABLE>ZLSO_LOG_MESSAGE</FORTABLE>
     <FORKEY>LOG_SEQNR</FORKEY>
     <CHECKTABLE>ZLSO_LOG</CHECKTABLE>
     <CHECKFIELD>SEQNR</CHECKFIELD>
     <PRIMPOS>0003</PRIMPOS>
     <DOMNAME>BALMNR</DOMNAME>
     <DATATYPE>NUMC</DATATYPE>
     <LENG>000006</LENG>
    </DD05M>
    <DD05M>
     <TABNAME>ZLSO_LOG_MESSAGE</TABNAME>
     <FIELDNAME>LOG_SEQNR</FIELDNAME>
     <FORTABLE>*</FORTABLE>
     <CHECKTABLE>ZLSO_LOG</CHECKTABLE>
     <CHECKFIELD>REF_ID</CHECKFIELD>
     <PRIMPOS>0004</PRIMPOS>
     <DOMNAME>SYSUUID_C22</DOMNAME>
     <DATATYPE>CHAR</DATATYPE>
     <LENG>000022</LENG>
    </DD05M>
    <DD05M>
     <TABNAME>ZLSO_LOG_MESSAGE</TABNAME>
     <FIELDNAME>TRACE_ID</FIELDNAME>
     <FORTABLE>ZLSO_LOG_MESSAGE</FORTABLE>
     <FORKEY>MANDT</FORKEY>
     <CHECKTABLE>ZLSO_LOG_TRACE</CHECKTABLE>
     <CHECKFIELD>MANDT</CHECKFIELD>
     <PRIMPOS>0001</PRIMPOS>
     <DOMNAME>MANDT</DOMNAME>
     <DATATYPE>CLNT</DATATYPE>
     <LENG>000003</LENG>
    </DD05M>
    <DD05M>
     <TABNAME>ZLSO_LOG_MESSAGE</TABNAME>
     <FIELDNAME>TRACE_ID</FIELDNAME>
     <FORTABLE>ZLSO_LOG_MESSAGE</FORTABLE>
     <FORKEY>TRACE_ID</FORKEY>
     <CHECKTABLE>ZLSO_LOG_TRACE</CHECKTABLE>
     <CHECKFIELD>ID</CHECKFIELD>
     <PRIMPOS>0002</PRIMPOS>
     <DOMNAME>SYSUUID_C22</DOMNAME>
     <DATATYPE>CHAR</DATATYPE>
     <LENG>000022</LENG>
    </DD05M>
   </DD05M_TABLE>
   <DD08V_TABLE>
    <DD08V>
     <TABNAME>ZLSO_LOG_MESSAGE</TABNAME>
     <FIELDNAME>LOG_SEQNR</FIELDNAME>
     <DDLANGUAGE>E</DDLANGUAGE>
     <CHECKTABLE>ZLSO_LOG</CHECKTABLE>
     <FRKART>KEY</FRKART>
     <CLASFIELD>*</CLASFIELD>
     <CARD>CN</CARD>
     <CARDLEFT>1</CARDLEFT>
    </DD08V>
    <DD08V>
     <TABNAME>ZLSO_LOG_MESSAGE</TABNAME>
     <FIELDNAME>TRACE_ID</FIELDNAME>
     <DDLANGUAGE>E</DDLANGUAGE>
     <CHECKTABLE>ZLSO_LOG_TRACE</CHECKTABLE>
     <FRKART>KEY</FRKART>
     <CARD>CN</CARD>
     <CARDLEFT>1</CARDLEFT>
    </DD08V>
   </DD08V_TABLE>
   <DD12V>
    <DD12V>
     <SQLTAB>ZLSO_LOG_MESSAGE</SQLTAB>
     <INDEXNAME>TR1</INDEXNAME>
     <AS4LOCAL>A</AS4LOCAL>
     <DDLANGUAGE>E</DDLANGUAGE>
     <DDTEXT>Trace Id</DDTEXT>
    </DD12V>
   </DD12V>
   <DD17V>
    <DD17V>
     <SQLTAB>ZLSO_LOG_MESSAGE</SQLTAB>
     <INDEXNAME>TR1</INDEXNAME>
     <POSITION>0001</POSITION>
     <AS4LOCAL>A</AS4LOCAL>
     <FIELDNAME>TRACE_ID</FIELDNAME>
    </DD17V>
   </DD17V>
  </asx:values>
 </asx:abap>
</abapGit>
