﻿<?xml version="1.0" encoding="utf-8"?>
<abapGit version="v1.0.0" serializer="LCL_OBJECT_DTEL" serializer_version="v1.0.0">
 <asx:abap xmlns:asx="http://www.sap.com/abapxml" version="1.0">
  <asx:values>
   <DD04V>
    <ROLLNAME>ZLSO_D_TRACE_PAYLOAD</ROLLNAME>
    <DDLANGUAGE>E</DDLANGUAGE>
    <DOMNAME>ZLSO_DO_TRACE_PAYLOAD</DOMNAME>
    <HEADLEN>07</HEADLEN>
    <SCRLEN1>10</SCRLEN1>
    <SCRLEN2>15</SCRLEN2>
    <SCRLEN3>20</SCRLEN3>
    <DDTEXT>LSO Log Trace Payload</DDTEXT>
    <REPTEXT>Payload</REPTEXT>
    <SCRTEXT_S>Payload</SCRTEXT_S>
    <SCRTEXT_M>Payload</SCRTEXT_M>
    <SCRTEXT_L>Payload</SCRTEXT_L>
    <DTELMASTER>E</DTELMASTER>
    <REFKIND>D</REFKIND>
   </DD04V>
  </asx:values>
 </asx:abap>
</abapGit>
