﻿<?xml version="1.0" encoding="utf-8"?>
<abapGit version="v1.0.0" serializer="LCL_OBJECT_TABL" serializer_version="v1.0.0">
 <asx:abap xmlns:asx="http://www.sap.com/abapxml" version="1.0">
  <asx:values>
   <DD02V>
    <TABNAME>ZLSO_S_LOG_RFC_MESSAGE</TABNAME>
    <DDLANGUAGE>E</DDLANGUAGE>
    <TABCLASS>INTTAB</TABCLASS>
    <DDTEXT>Message for RFC</DDTEXT>
    <EXCLASS>4</EXCLASS>
   </DD02V>
   <DD03P_TABLE>
    <DD03P>
     <TABNAME>ZLSO_S_LOG_RFC_MESSAGE</TABNAME>
     <FIELDNAME>TYPE</FIELDNAME>
     <POSITION>0001</POSITION>
     <ROLLNAME>SYMSGTY</ROLLNAME>
     <ADMINFIELD>0</ADMINFIELD>
     <COMPTYPE>E</COMPTYPE>
    </DD03P>
    <DD03P>
     <TABNAME>ZLSO_S_LOG_RFC_MESSAGE</TABNAME>
     <FIELDNAME>CLASS</FIELDNAME>
     <POSITION>0002</POSITION>
     <ROLLNAME>SYMSGID</ROLLNAME>
     <ADMINFIELD>0</ADMINFIELD>
     <COMPTYPE>E</COMPTYPE>
    </DD03P>
    <DD03P>
     <TABNAME>ZLSO_S_LOG_RFC_MESSAGE</TABNAME>
     <FIELDNAME>NUMBER</FIELDNAME>
     <POSITION>0003</POSITION>
     <ROLLNAME>SYMSGNO</ROLLNAME>
     <ADMINFIELD>0</ADMINFIELD>
     <COMPTYPE>E</COMPTYPE>
    </DD03P>
    <DD03P>
     <TABNAME>ZLSO_S_LOG_RFC_MESSAGE</TABNAME>
     <FIELDNAME>TEXT</FIELDNAME>
     <POSITION>0004</POSITION>
     <ROLLNAME>TEXT255</ROLLNAME>
     <ADMINFIELD>0</ADMINFIELD>
     <COMPTYPE>E</COMPTYPE>
    </DD03P>
   </DD03P_TABLE>
  </asx:values>
 </asx:abap>
</abapGit>
