﻿<?xml version="1.0" encoding="utf-8"?>
<abapGit version="v1.0.0" serializer="LCL_OBJECT_DOMA" serializer_version="v1.0.0">
 <asx:abap xmlns:asx="http://www.sap.com/abapxml" version="1.0">
  <asx:values>
   <DD01V>
    <DOMNAME>ZLSO_DO_TRACE_PAYLOAD_TYPE</DOMNAME>
    <DDLANGUAGE>E</DDLANGUAGE>
    <DATATYPE>CHAR</DATATYPE>
    <LENG>000008</LENG>
    <OUTPUTLEN>000008</OUTPUTLEN>
    <VALEXI>X</VALEXI>
    <DDTEXT>LSO Log Trace Payload type</DDTEXT>
   </DD01V>
   <DD07V_TAB>
    <DD07V>
     <DOMNAME>ZLSO_DO_TRACE_PAYLOAD_TYPE</DOMNAME>
     <VALPOS>0001</VALPOS>
     <DDLANGUAGE>E</DDLANGUAGE>
     <DOMVALUE_L>REQUEST</DOMVALUE_L>
     <DDTEXT>Request</DDTEXT>
    </DD07V>
    <DD07V>
     <DOMNAME>ZLSO_DO_TRACE_PAYLOAD_TYPE</DOMNAME>
     <VALPOS>0002</VALPOS>
     <DDLANGUAGE>E</DDLANGUAGE>
     <DOMVALUE_L>RESPONSE</DOMVALUE_L>
     <DDTEXT>Response</DDTEXT>
    </DD07V>
   </DD07V_TAB>
  </asx:values>
 </asx:abap>
</abapGit>
