﻿<?xml version="1.0" encoding="utf-8"?>
<abapGit version="v1.0.0" serializer="LCL_OBJECT_NROB" serializer_version="v1.0.0">
 <asx:abap xmlns:asx="http://www.sap.com/abapxml" version="1.0">
  <asx:values>
   <ATTRIBUTES>
    <OBJECT>ZLSO_TRCID</OBJECT>
    <DOMLEN>DAS_ID</DOMLEN>
    <PERCENTAGE>90.0</PERCENTAGE>
    <BUFFER>X</BUFFER>
    <NOIVBUFFER>00000010</NOIVBUFFER>
   </ATTRIBUTES>
   <TEXT>
    <LANGU>E</LANGU>
    <OBJECT>ZLSO_TRCID</OBJECT>
    <TXT>Log&apos;s trace ID</TXT>
    <TXTSHORT>Log&apos;s trace ID</TXTSHORT>
   </TEXT>
  </asx:values>
 </asx:abap>
</abapGit>
