﻿<?xml version="1.0" encoding="utf-8"?>
<abapGit version="v1.0.0" serializer="LCL_OBJECT_TABL" serializer_version="v1.0.0">
 <asx:abap xmlns:asx="http://www.sap.com/abapxml" version="1.0">
  <asx:values>
   <DD02V>
    <TABNAME>ZLSO_S_LOG_ABAP_STACK</TABNAME>
    <DDLANGUAGE>E</DDLANGUAGE>
    <TABCLASS>INTTAB</TABCLASS>
    <DDTEXT>ABAP Stack</DDTEXT>
    <MASTERLANG>E</MASTERLANG>
    <EXCLASS>3</EXCLASS>
   </DD02V>
   <DD03P_TABLE>
    <DD03P>
     <TABNAME>ZLSO_S_LOG_ABAP_STACK</TABNAME>
     <FIELDNAME>ABAP_PROGRAM</FIELDNAME>
     <POSITION>0001</POSITION>
     <ROLLNAME>TPDA_PROGRAM</ROLLNAME>
     <ADMINFIELD>0</ADMINFIELD>
     <COMPTYPE>E</COMPTYPE>
    </DD03P>
    <DD03P>
     <TABNAME>ZLSO_S_LOG_ABAP_STACK</TABNAME>
     <FIELDNAME>ABAP_INCLUDE</FIELDNAME>
     <POSITION>0002</POSITION>
     <ROLLNAME>TPDA_INCLUDE</ROLLNAME>
     <ADMINFIELD>0</ADMINFIELD>
     <COMPTYPE>E</COMPTYPE>
    </DD03P>
    <DD03P>
     <TABNAME>ZLSO_S_LOG_ABAP_STACK</TABNAME>
     <FIELDNAME>ABAP_SOURCE_LINE</FIELDNAME>
     <POSITION>0003</POSITION>
     <ROLLNAME>TPDA_SC_LINE</ROLLNAME>
     <ADMINFIELD>0</ADMINFIELD>
     <COMPTYPE>E</COMPTYPE>
    </DD03P>
    <DD03P>
     <TABNAME>ZLSO_S_LOG_ABAP_STACK</TABNAME>
     <FIELDNAME>ABAP_EVENT</FIELDNAME>
     <POSITION>0004</POSITION>
     <ROLLNAME>TPDA_EVENT</ROLLNAME>
     <ADMINFIELD>0</ADMINFIELD>
     <COMPTYPE>E</COMPTYPE>
    </DD03P>
   </DD03P_TABLE>
  </asx:values>
 </asx:abap>
</abapGit>
