﻿<?xml version="1.0" encoding="utf-8"?>
<abapGit version="v1.0.0" serializer="LCL_OBJECT_TOBJ" serializer_version="v1.0.0">
 <asx:abap xmlns:asx="http://www.sap.com/abapxml" version="1.0">
  <asx:values>
   <OBJH>
    <OBJECTNAME>ZLSO_LOG_CUST</OBJECTNAME>
    <OBJECTTYPE>S</OBJECTTYPE>
    <CLIDEP>X</CLIDEP>
    <OBJCATEG>CUST</OBJCATEG>
    <OBJTRANSP>2</OBJTRANSP>
    <CURSETTING>X</CURSETTING>
    <IMPORTABLE>3</IMPORTABLE>
   </OBJH>
   <OBJT>
    <LANGUAGE>E</LANGUAGE>
    <OBJECTNAME>ZLSO_LOG_CUST</OBJECTNAME>
    <OBJECTTYPE>S</OBJECTTYPE>
    <DDTEXT>LSO Log Customizing Values</DDTEXT>
   </OBJT>
   <OBJS>
    <OBJS>
     <OBJECTNAME>ZLSO_LOG_CUST</OBJECTNAME>
     <OBJECTTYPE>S</OBJECTTYPE>
     <TABNAME>ZLSO_LOG_CUST</TABNAME>
     <DDIC>X</DDIC>
     <PRIM_TABLE>X</PRIM_TABLE>
    </OBJS>
   </OBJS>
   <TOBJ>
    <TDDAT>
     <TABNAME>ZLSO_LOG_CUST</TABNAME>
     <CCLASS>AQPR</CCLASS>
    </TDDAT>
    <TVDIR>
     <TABNAME>ZLSO_LOG_CUST</TABNAME>
     <AREA>ZLSO_LOG_CUST</AREA>
     <DEVCLASS>ZLSO_LOG</DEVCLASS>
     <TYPE>1</TYPE>
     <LISTE>1011</LISTE>
     <BASTAB>X</BASTAB>
    </TVDIR>
   </TOBJ>
  </asx:values>
 </asx:abap>
</abapGit>
