﻿<?xml version="1.0" encoding="utf-8"?>
<abapGit version="v1.0.0" serializer="LCL_OBJECT_DTEL" serializer_version="v1.0.0">
 <asx:abap xmlns:asx="http://www.sap.com/abapxml" version="1.0">
  <asx:values>
   <DD04V>
    <ROLLNAME>ZLSO_D_TRACE_PAYLOAD_TYPE</ROLLNAME>
    <DDLANGUAGE>E</DDLANGUAGE>
    <DOMNAME>ZLSO_DO_TRACE_PAYLOAD_TYPE</DOMNAME>
    <HEADLEN>12</HEADLEN>
    <SCRLEN1>04</SCRLEN1>
    <SCRLEN2>12</SCRLEN2>
    <SCRLEN3>12</SCRLEN3>
    <DDTEXT>LSO Log Trace Payload type</DDTEXT>
    <REPTEXT>Payload Type</REPTEXT>
    <SCRTEXT_S>Type</SCRTEXT_S>
    <SCRTEXT_M>Payload Type</SCRTEXT_M>
    <SCRTEXT_L>Payload Type</SCRTEXT_L>
    <DTELMASTER>E</DTELMASTER>
    <REFKIND>D</REFKIND>
   </DD04V>
  </asx:values>
 </asx:abap>
</abapGit>
