﻿<?xml version="1.0" encoding="utf-8"?>
<abapGit version="v1.0.0" serializer="LCL_OBJECT_TABL" serializer_version="v1.0.0">
 <asx:abap xmlns:asx="http://www.sap.com/abapxml" version="1.0">
  <asx:values>
   <DD02V>
    <TABNAME>ZLSO_S_LOG_CONTEXT</TABNAME>
    <DDLANGUAGE>E</DDLANGUAGE>
    <TABCLASS>INTTAB</TABCLASS>
    <DDTEXT>LSO Log Context</DDTEXT>
    <EXCLASS>3</EXCLASS>
   </DD02V>
   <DD03P_TABLE>
    <DD03P>
     <TABNAME>ZLSO_S_LOG_CONTEXT</TABNAME>
     <FIELDNAME>LOG_ID</FIELDNAME>
     <POSITION>0001</POSITION>
     <ROLLNAME>ZLSO_D_LOG_ID</ROLLNAME>
     <ADMINFIELD>0</ADMINFIELD>
     <COMPTYPE>E</COMPTYPE>
    </DD03P>
    <DD03P>
     <TABNAME>ZLSO_S_LOG_CONTEXT</TABNAME>
     <FIELDNAME>LOG_SEQNR</FIELDNAME>
     <POSITION>0002</POSITION>
     <ROLLNAME>ZLSO_D_LOG_SEQNR</ROLLNAME>
     <ADMINFIELD>0</ADMINFIELD>
     <COMPTYPE>E</COMPTYPE>
    </DD03P>
    <DD03P>
     <TABNAME>ZLSO_S_LOG_CONTEXT</TABNAME>
     <FIELDNAME>USER_ID</FIELDNAME>
     <POSITION>0003</POSITION>
     <ROLLNAME>ZLSO_D_LOG_USER_ID</ROLLNAME>
     <ADMINFIELD>0</ADMINFIELD>
     <COMPTYPE>E</COMPTYPE>
    </DD03P>
    <DD03P>
     <TABNAME>ZLSO_S_LOG_CONTEXT</TABNAME>
     <FIELDNAME>VBELN</FIELDNAME>
     <POSITION>0004</POSITION>
     <ROLLNAME>VBELN</ROLLNAME>
     <ADMINFIELD>0</ADMINFIELD>
     <COMPTYPE>E</COMPTYPE>
    </DD03P>
    <DD03P>
     <TABNAME>ZLSO_S_LOG_CONTEXT</TABNAME>
     <FIELDNAME>TPARTDOCNO</FIELDNAME>
     <POSITION>0005</POSITION>
     <ROLLNAME>LSO_TPARTDOC_C</ROLLNAME>
     <ADMINFIELD>0</ADMINFIELD>
     <COMPTYPE>E</COMPTYPE>
    </DD03P>
   </DD03P_TABLE>
  </asx:values>
 </asx:abap>
</abapGit>
