﻿<?xml version="1.0" encoding="utf-8"?>
<abapGit version="v1.0.0" serializer="LCL_OBJECT_TABL" serializer_version="v1.0.0">
 <asx:abap xmlns:asx="http://www.sap.com/abapxml" version="1.0">
  <asx:values>
   <DD02V>
    <TABNAME>ZLSO_S_LOG_OBJECT</TABNAME>
    <DDLANGUAGE>E</DDLANGUAGE>
    <TABCLASS>INTTAB</TABCLASS>
    <DDTEXT>LSO Log Object</DDTEXT>
    <MASTERLANG>E</MASTERLANG>
    <EXCLASS>4</EXCLASS>
   </DD02V>
   <DD03P_TABLE>
    <DD03P>
     <TABNAME>ZLSO_S_LOG_OBJECT</TABNAME>
     <FIELDNAME>ID</FIELDNAME>
     <POSITION>0001</POSITION>
     <ROLLNAME>ZLSO_D_LOG_ID</ROLLNAME>
     <ADMINFIELD>0</ADMINFIELD>
     <COMPTYPE>E</COMPTYPE>
    </DD03P>
    <DD03P>
     <TABNAME>ZLSO_S_LOG_OBJECT</TABNAME>
     <FIELDNAME>SEQNR</FIELDNAME>
     <POSITION>0002</POSITION>
     <ROLLNAME>ZLSO_D_LOG_SEQNR</ROLLNAME>
     <ADMINFIELD>0</ADMINFIELD>
     <COMPTYPE>E</COMPTYPE>
    </DD03P>
    <DD03P>
     <TABNAME>ZLSO_S_LOG_OBJECT</TABNAME>
     <FIELDNAME>DATE</FIELDNAME>
     <POSITION>0003</POSITION>
     <ROLLNAME>DATUM</ROLLNAME>
     <ADMINFIELD>0</ADMINFIELD>
     <SHLPORIGIN>T</SHLPORIGIN>
     <COMPTYPE>E</COMPTYPE>
    </DD03P>
    <DD03P>
     <TABNAME>ZLSO_S_LOG_OBJECT</TABNAME>
     <FIELDNAME>TIME</FIELDNAME>
     <POSITION>0004</POSITION>
     <ROLLNAME>TIMS</ROLLNAME>
     <ADMINFIELD>0</ADMINFIELD>
     <SHLPORIGIN>T</SHLPORIGIN>
     <COMPTYPE>E</COMPTYPE>
    </DD03P>
    <DD03P>
     <TABNAME>ZLSO_S_LOG_OBJECT</TABNAME>
     <FIELDNAME>INSTANCE</FIELDNAME>
     <POSITION>0005</POSITION>
     <ROLLNAME>ZCL_LSO_LOG</ROLLNAME>
     <ADMINFIELD>0</ADMINFIELD>
     <DATATYPE>REF</DATATYPE>
     <MASK>  REF RC</MASK>
     <COMPTYPE>R</COMPTYPE>
     <REFTYPE>C</REFTYPE>
    </DD03P>
   </DD03P_TABLE>
  </asx:values>
 </asx:abap>
</abapGit>
